pk,jsondata,polymorphic_type,id,name,description,markup_description,url,email,address,updated,active,created,version
1,{},base,abohenocho,Enoch O. Aboh,,,http://home.medewerker.uva.nl/e.o.aboh/,,University of Amsterdam,2013-11-21T13:46:23.046855+01:00,True,2013-11-21T13:46:23.046848+01:00,1
2,{},base,ansaldoumberto,Umberto Ansaldo,,,http://www.hku.hk/linguist/sta/uansaldo/,,University of Hong Kong,2013-11-21T13:46:23.048540+01:00,True,2013-11-21T13:46:23.048535+01:00,1
3,{},base,bakerphilip,Philip Baker,,,,,University of Westminster,2013-11-21T13:46:23.049227+01:00,True,2013-11-21T13:46:23.049224+01:00,1
4,{},base,bakkerpeter,Peter Bakker,,,http://person.au.dk/en/linpb@hum,,Aarhus University,2013-11-21T13:46:23.049759+01:00,True,2013-11-21T13:46:23.049755+01:00,1
5,{},base,baptistamarlyse,Marlyse Baptista,,,http://www-personal.umich.edu/~baptistm/,,University of Michigan,2013-11-21T13:46:23.050281+01:00,True,2013-11-21T13:46:23.050277+01:00,1
6,{},base,bartensangela,Angela Bartens,,,http://blogs.helsinki.fi/abartens/,,University of Helsinki & University of Turku,2013-11-21T13:46:23.051042+01:00,True,2013-11-21T13:46:23.051031+01:00,1
7,{},base,baxteralann,Alan N. Baxter,,,http://www.letras.ufba.br/content/alan-norman-baxter,,Universidade Federal da Bahia,2013-11-21T13:46:23.051954+01:00,True,2013-11-21T13:46:23.051943+01:00,1
8,{},base,bolleeannegret,Annegret Bollée,,,http://www.uni-bamberg.de/romling/prof-em-dr-annegret-bollee/,,University of Bamberg,2013-11-21T13:46:23.052682+01:00,True,2013-11-21T13:46:23.052671+01:00,1
9,{},base,bruynadrienne,Adrienne Bruyn,,,http://www.nias.knaw.nl/Pages/NIA/20/534.bGFuZz1FTkc.html,,University of Amsterdam,2013-11-21T13:46:23.053393+01:00,True,2013-11-21T13:46:23.053382+01:00,1
10,{},base,clementsjclancy,J. Clancy Clements,,,http://www.indiana.edu/~spanport/people/clements.shtml,,"Indiana University, Bloomington",2013-11-21T13:46:23.054094+01:00,True,2013-11-21T13:46:23.054083+01:00,1
11,{},base,denbestenhans,Hans den Besten,,,http://www.let.rug.nl/koster/DenBesten/bibliography.pdf,,University of Amsterdam,2013-11-21T13:46:23.054798+01:00,True,2013-11-21T13:46:23.054787+01:00,1
12,{},base,devonishhubert,Hubert Devonish,,,http://www.mona.uwi.edu/dllp/jlu/staff/devonish.htm,,University of the West Indies,2013-11-21T13:46:23.055424+01:00,True,2013-11-21T13:46:23.055416+01:00,1
13,{},base,ehrhartsabine,Sabine Ehrhart,,,http://wwwen.uni.lu/research/flshase/languages_culture_media_and_identities_lcmi/staff/sabine_ehrhart,,University of Luxembourg,2013-11-21T13:46:23.056128+01:00,True,2013-11-21T13:46:23.056117+01:00,1
14,{},base,escuregenevieve,Geneviève Escure,,,http://english.cla.umn.edu/faculty/escure/escure.htm,,"University of Minnesota, Minneapolis",2013-11-21T13:46:23.056797+01:00,True,2013-11-21T13:46:23.056786+01:00,1
15,{},base,faraclasnicholas,Nicholas Faraclas,,,http://humanidades.uprrp.edu/ingles/faculty/faraclasn.htm,,University of Puerto Rico,2013-11-21T13:46:23.057442+01:00,True,2013-11-21T13:46:23.057431+01:00,1
16,{},base,farquharsonjosepht,Joseph T. Farquharson,,,https://sites.google.com/site/jtfarquharson/,,University of the West Indies and University of Bielefeld,2013-11-21T13:46:23.058103+01:00,True,2013-11-21T13:46:23.058092+01:00,1
17,{},base,fattierdominique,Dominique Fattier,,,http://www.u-cergy.fr/fr/_plugins/mypage/mypage/content/fattier.html,,University of Cergy-Pontoise,2013-11-21T13:46:23.058764+01:00,True,2013-11-21T13:46:23.058754+01:00,1
18,{},base,finneymalcolmawadajin,Malcolm Awadajin Finney,,,http://www.csulb.edu/~mfinney/research.html,,"California State University, Long Beach",2013-11-21T13:46:23.059423+01:00,True,2013-11-21T13:46:23.059414+01:00,1
19,{},base,foleywilliama,William A. Foley,,,http://sydney.edu.au/arts/linguistics/staff/academic_staff/william_foley.shtml,,University of Sydney,2013-11-21T13:46:23.060064+01:00,True,2013-11-21T13:46:23.060056+01:00,1
20,{},base,grantanthonyp,Anthony P. Grant,,,http://www.edgehill.ac.uk/profiles/anthony-grant,,"Edge Hill University, Ormskirk (UK)",2013-11-21T13:46:23.060640+01:00,True,2013-11-21T13:46:23.060632+01:00,1
21,{},base,hackertstephanie,Stephanie Hackert,,,http://www.anglistik.uni-muenchen.de/personen/professoren/hackert/index.html,,Ludwig-Maximilians-Universität Munich,2013-11-21T13:46:23.061255+01:00,True,2013-11-21T13:46:23.061247+01:00,1
22,{},base,hagemeijertjerk,Tjerk Hagemeijer,,,http://www.clul.ul.pt/en/researcher/145-tjerk-hagemeijer,,University of Lisbon,2013-11-21T13:46:23.061866+01:00,True,2013-11-21T13:46:23.061858+01:00,1
23,{},base,holmjohn,John Holm,,,http://www.uc.pt/uid/celga/membros_colaboradores/membros/johnholm,,University of Coimbra,2013-11-21T13:46:23.062473+01:00,True,2013-11-21T13:46:23.062465+01:00,1
24,{},base,hubermagnus,Magnus Huber,,,http://www.uni-giessen.de/anglistik/ling/Staff/huber/main.html,,University of Giessen,2013-11-21T13:46:23.063028+01:00,True,2013-11-21T13:46:23.063021+01:00,1
25,{},base,intumboincanha,Incanha Intumbo,,,http://www.uc.pt/creolistics/research/guine/incanha,,University of Coimbra,2013-11-21T13:46:23.063632+01:00,True,2013-11-21T13:46:23.063624+01:00,1
26,{},base,invernoliliana,Liliana Inverno,,,http://www.uc.pt/uid/celga/membros_colaboradores/colaboradoresnaodoutorados/lilianainverno,,University of the Algarve,2013-11-21T13:46:23.064354+01:00,True,2013-11-21T13:46:23.064346+01:00,1
27,{},base,kleinthomasb,Thomas B. Klein,,,http://sites.google.com/a/georgiasouthern.edu/tklein/home,,Georgia Southern University,2013-11-21T13:46:23.064976+01:00,True,2013-11-21T13:46:23.064969+01:00,1
28,{},base,klinglerthomasa,Thomas A. Klingler,,,http://stonecenter.tulane.edu/articles/detail/192/Thomas-A.-Klingler,,"Tulane University, New Orleans",2013-11-21T13:46:23.065617+01:00,True,2013-11-21T13:46:23.065609+01:00,1
29,{},base,kouwenbergsilvia,Silvia Kouwenberg,,,http://mord.mona.uwi.edu/staff/view.asp?pid=2098,,University of the West Indies,2013-11-21T13:46:23.066265+01:00,True,2013-11-21T13:46:23.066257+01:00,1
30,{},base,kriegelsibylle,Sibylle Kriegel,,,http://creoles.free.fr/kriegelperso.htm,,Université Aix-Marseille,2013-11-21T13:46:23.066957+01:00,True,2013-11-21T13:46:23.066950+01:00,1
31,{},base,langjurgen,Jürgen Lang,,,http://www.prof-juergen-lang.de/,,University of Erlangen-Nürnberg,2013-11-21T13:46:23.067625+01:00,True,2013-11-21T13:46:23.067617+01:00,1
32,{},base,limlisa,Lisa Lim,,,http://www.hku.hk/english/staff/lisalim.htm,,University of Hong Kong,2013-11-21T13:46:23.068292+01:00,True,2013-11-21T13:46:23.068284+01:00,1
33,{},base,ludwigralph,Ralph Ludwig,,,http://www.romanistik.uni-halle.de/studienbereiche/sprachwissludwig/profludwig/,,University of Halle,2013-11-21T13:46:23.068981+01:00,True,2013-11-21T13:46:23.068973+01:00,1
34,{},base,luffinxavier,Xavier Luffin,,,http://www.ulb.ac.be/rech/inventaire/chercheurs/7/CH7467.html,,Université Libre de Bruxelles,2013-11-21T13:46:23.069639+01:00,True,2013-11-21T13:46:23.069632+01:00,1
35,{},base,maurerphilippe,Philippe Maurer,,,,,University of Zurich,2013-11-21T13:46:23.070295+01:00,True,2013-11-21T13:46:23.070287+01:00,1
36,{},base,mesthrierajend,Rajend Mesthrie,,,,,University of Cape Town,2013-11-21T13:46:23.070947+01:00,True,2013-11-21T13:46:23.070938+01:00,1
37,{},base,meyerhoffmiriam,Miriam Meyerhoff,,,http://artsfaculty.auckland.ac.nz/staff/?UPI=mmey023,,University of Auckland,2013-11-21T13:46:23.071627+01:00,True,2013-11-21T13:46:23.071620+01:00,1
38,{},base,michaelissusannemaria,Susanne Maria Michaelis,,,http://www.eva.mpg.de/lingua/staff/michaelis/home.php,,Max Planck Institute for Evolutionary Anthropology,2013-11-21T13:46:23.072309+01:00,True,2013-11-21T13:46:23.072301+01:00,1
39,{},base,miggebettina,Bettina Migge,,,http://www.ucd.ie/research/people/appliedlanguagecentre/drbettinamigge/,,University College Dublin,2013-11-21T13:46:23.072949+01:00,True,2013-11-21T13:46:23.072941+01:00,1
40,{},base,mufwenesalikokos,Salikoko S. Mufwene,,,http://humanities.uchicago.edu/faculty/mufwene/,,University of Chicago,2013-11-21T13:46:23.073583+01:00,True,2013-11-21T13:46:23.073575+01:00,1
41,{},base,muhleisensusanne,Susanne Mühleisen,,,http://www.english-linguistics.uni-bayreuth.de/en/team/Muehleisen_Susanne/index.html,,University of Bayreuth,2013-11-21T13:46:23.074216+01:00,True,2013-11-21T13:46:23.074208+01:00,1
42,{},base,muhlhauslerpeter,Peter Mühlhäusler,,,http://www.adelaide.edu.au/directory/peter.muhlhausler,,University of Adelaide,2013-11-21T13:46:23.074869+01:00,True,2013-11-21T13:46:23.074862+01:00,1
43,{},base,neumannholzschuhingrid,Ingrid Neumann-Holzschuh,,,http://www.uni-regensburg.de/sprache-literatur-kultur/romanistik/sprachwissenschaft/neumann-holzschuh/index.html,,University of Regensburg,2013-11-21T13:46:23.075491+01:00,True,2013-11-21T13:46:23.075484+01:00,1
44,{},base,pfanderstefan,Stefan Pfänder,,,http://www.romanistik.uni-freiburg.de/pfaender/,,University of Freiburg,2013-11-21T13:46:23.076192+01:00,True,2013-11-21T13:46:23.076179+01:00,1
45,{},base,steinkrugerpatricko,Patrick O. Steinkrüger,,,,,University of Frankfurt am Main,2013-11-21T13:46:23.077090+01:00,True,2013-11-21T13:46:23.077082+01:00,1
46,{},base,schweglerarmin,Armin Schwegler,,,http://www.faculty.uci.edu/profile.cfm?faculty_id=2476,,"University of California, Irvine",2013-11-21T13:46:23.077744+01:00,True,2013-11-21T13:46:23.077737+01:00,1
47,{},base,schultzeberndteva,Eva Schultze-Berndt,,,http://www.manchester.ac.uk/research/Eva.schultze-berndt/,,University of Manchester,2013-11-21T13:46:23.078391+01:00,True,2013-11-21T13:46:23.078384+01:00,1
48,{},base,yakpokofi,Kofi Yakpo,,,http://www.der-linguist.de/,,University of Hong Kong,2013-11-21T13:46:23.079062+01:00,True,2013-11-21T13:46:23.079054+01:00,1
49,{},base,smithnorvalsh,Norval S.H. Smith,,,http://home.medewerker.uva.nl/n.s.h.smith/,,University of Amsterdam,2013-11-21T13:46:23.079705+01:00,True,2013-11-21T13:46:23.079698+01:00,1
50,{},base,rosaliemarcel,Marcel Rosalie,,,http://www.virtualseychelles.sc/gover/mlgys.htm,,"Seychelles Ministry of Arts, Sports and Culture",2013-11-21T13:46:23.080362+01:00,True,2013-11-21T13:46:23.080354+01:00,1
51,{},base,samarinwilliamj,William J. Samarin,,,,,University of Toronto,2013-11-21T13:46:23.081006+01:00,True,2013-11-21T13:46:23.080999+01:00,1
52,{},base,prescodpaula,Paula Prescod,,,http://www.fcvnet.net/~paula/SVG.html,,"Université Jules Verne à Amiens & CNRS-LLACAN, Paris",2013-11-21T13:46:23.081617+01:00,True,2013-11-21T13:46:23.081609+01:00,1
53,{},base,siegeljeff,Jeff Siegel,,,http://www.une.edu.au/staff/jsiegel.php,,University of New England (Australia),2013-11-21T13:46:23.082236+01:00,True,2013-11-21T13:46:23.082228+01:00,1
54,{},base,sippolaeeva,Eeva Sippola,,,http://pure.au.dk/portal/en/persons/eeva-sippola%28166d8f53-803b-4a3c-aa23-e727b1e26616%29.html,,Aarhus University,2013-11-21T13:46:23.082862+01:00,True,2013-11-21T13:46:23.082854+01:00,1
55,{},base,slomansonpeter,Peter Slomanson,,,http://www.ru.nl/irishstudies/members/peter-slomanson/,,Radboud University Nijmegen,2013-11-21T13:46:23.083482+01:00,True,2013-11-21T13:46:23.083475+01:00,1
56,{},base,smithgeoffp,Geoff P. Smith,,,http://caes.hku.hk/home/staff/gpssmith,,University of Hong Kong,2013-11-21T13:46:23.084284+01:00,True,2013-11-21T13:46:23.084273+01:00,1
57,{},base,veenstratonjes,Tonjes Veenstra,,,http://www.zas.gwz-berlin.de/mitarbeiter_veenstra.html,,"Centre for General Linguistics (ZAS), Berlin",2013-11-21T13:46:23.085135+01:00,True,2013-11-21T13:46:23.085126+01:00,1
58,{},base,vandenbergmargotc,Margot C. van den Berg,,,http://home.hum.uva.nl/oz/vandenbergm/,,Radboud University Nijmegen,2013-11-21T13:46:23.085882+01:00,True,2013-11-21T13:46:23.085873+01:00,1
59,{},base,velupillaiviveka,Viveka Velupillai,,,http://www.lalitha.de/velupillai/,,University of Giessen,2013-11-21T13:46:23.086634+01:00,True,2013-11-21T13:46:23.086626+01:00,1
60,{},base,winforddonald,Donald Winford,,,http://www.ling.ohio-state.edu/~dwinford/,,Ohio State University,2013-11-21T13:46:23.087344+01:00,True,2013-11-21T13:46:23.087336+01:00,1
61,{},base,cardosohugoc,Hugo C. Cardoso,,,http://www.clul.ul.pt/en/researcher/504-cardoso-hugo,,University of Lisbon,2013-11-21T13:46:23.088081+01:00,True,2013-11-21T13:46:23.088073+01:00,1
62,{},base,meakinsfelicity,Felicity Meakins,,,http://www.slccs.uq.edu.au/index.html?page=127733,,University of Queensland,2013-11-21T13:46:23.088788+01:00,True,2013-11-21T13:46:23.088780+01:00,1
63,{},base,smithianr,Ian R. Smith,,,http://people.laps.yorku.ca/people.nsf/researcherprofile?readform&shortname=iansmith,,Cornell University,2013-11-21T13:46:23.089497+01:00,True,2013-11-21T13:46:23.089489+01:00,1
64,{},base,thompsondahlia,Dahlia Thompson,,,http://ca.linkedin.com/in/dahliathompson,,University of the West Indies,2013-11-21T13:46:23.090198+01:00,True,2013-11-21T13:46:23.090190+01:00,1
65,{},base,swolkiendominika,Dominika Swolkien,,,http://www.uc.,,University of Mindelo (Cape Verde),2013-11-21T13:46:23.090880+01:00,True,2013-11-21T13:46:23.090872+01:00,1
66,{},base,vandervoorthein,Hein van der Voort,,,http://hvdvoort.blogspot.de/,,"Museu Paraense Emílio Goeldi, Belém",2013-11-21T13:46:23.091575+01:00,True,2013-11-21T13:46:23.091567+01:00,1
67,{},base,khinkhinayenone,Khin Khin Aye,,,http://www.swinburne.edu.my/faculty/language-communication/staff.html,,Swinburne University of Technology (Malaysia),2013-11-21T13:46:23.092307+01:00,True,2013-11-21T13:46:23.092299+01:00,1
68,{},base,greenlisa,Lisa Green,,,http://people.umass.edu/lisag/,,University of Massachusetts Amherst,2013-11-21T13:46:23.093007+01:00,True,2013-11-21T13:46:23.092999+01:00,1
69,{},base,mousmaarten,Maarten Mous,,,http://www.hum.leiden.edu/lucl/organisation/members-m-z/mousmpgm.html,,Leiden University,2013-11-21T13:46:23.093697+01:00,True,2013-11-21T13:46:23.093689+01:00,1
70,{},base,postmarike,Marike Post,,,,,University of Amsterdam,2013-11-21T13:46:23.094381+01:00,True,2013-11-21T13:46:23.094373+01:00,1
71,{},base,meeuwismichael,Michael Meeuwis,,,http://www.africana.ugent.be/node/208,,University of Ghent,2013-11-21T13:46:23.095038+01:00,True,2013-11-21T13:46:23.095030+01:00,1
72,{},base,muyskenpieter,Pieter Muysken,,,http://www.ru.nl/onderzoek/kennisbank/profiel/toon_profiel?rbsid=102191,,Radboud University Nijmegen,2013-11-21T13:46:23.095698+01:00,True,2013-11-21T13:46:23.095690+01:00,1
73,{},base,petrollinosara,Sara Petrollino,,,http://www.ddl.ish-lyon.cnrs.fr/annuaires/Index.asp?Langue=EN&Page=Sara%20PETROLLINO,,Leiden University,2013-11-21T13:46:23.096341+01:00,True,2013-11-21T13:46:23.096333+01:00,1
74,{},base,colotserge,Serge Colot,,,,,Université des Antilles et de la Guyane,2013-11-21T13:46:23.097002+01:00,True,2013-11-21T13:46:23.096995+01:00,1
75,{},base,manfredistefano,Stefano Manfredi,,,,,"CNRS-LLACAN, Paris",2013-11-21T13:46:23.097661+01:00,True,2013-11-21T13:46:23.097653+01:00,1
76,{},base,plagingo,Ingo Plag,,,http://www.phil-fak.uni-duesseldorf.de/anglistik3/plag/,,University of Düsseldorf,2013-11-21T13:46:23.098292+01:00,True,2013-11-21T13:46:23.098284+01:00,1
77,{},base,perekhvalskayaelena,Elena Perekhvalskaya,,,,,"Institute for Linguistic Studies RAS, St Petersburg",2013-11-21T13:46:23.098920+01:00,True,2013-11-21T13:46:23.098912+01:00,1
78,{},base,biberauertheresa,Theresa Biberauer,,,http://www.mml.cam.ac.uk/dtal/staff/mtb23,,University of Cambridge,2013-11-21T13:46:23.099568+01:00,True,2013-11-21T13:46:23.099561+01:00,1
79,{},base,vansluijsrobbert,Robbert van Sluijs,,,http://www.ru.nl/linc/people/who-we/#RobbertvanSluijs,,Radboud University Nijmegen,2013-11-21T13:46:23.100481+01:00,True,2013-11-21T13:46:23.100470+01:00,1
80,{},base,paauwscott,Scott Paauw,,,http://ling.rochester.edu/people/faculty/paauw_scott/index.html,,University of Rochester,2013-11-21T13:46:23.101315+01:00,True,2013-11-21T13:46:23.101306+01:00,1
81,{},base,schroderanne,Anne Schröder,,,http://www.uni-bielefeld.de/lili/personen/aschroeder/kontakt.html,,Bielefeld University,2013-11-21T13:46:23.102087+01:00,True,2013-11-21T13:46:23.102079+01:00,1
82,{},base,matthewsstephen,Stephen Matthews,,,http://www.hku.hk/linguist/staff/sjm.html,,University of Hong Kong,2013-11-21T13:46:23.102864+01:00,True,2013-11-21T13:46:23.102856+01:00,1
83,{},base,limichelle,Michelle Li,,,,,University of Hong Kong,2013-11-21T13:46:23.103614+01:00,True,2013-11-21T13:46:23.103606+01:00,1
84,{},base,robertssarahj,Sarah J. Roberts,,,,,Stanford University,2013-11-21T13:46:23.104361+01:00,True,2013-11-21T13:46:23.104354+01:00,1
85,{},base,surekclarkclarissa,Clarissa Surek-Clark,,,http://portugueselinguist.com/,,University of Washington,2013-11-21T13:46:23.105052+01:00,True,2013-11-21T13:46:23.105044+01:00,1
86,{},base,revismelanie,Melanie Revis,,,http://www.victoria.ac.nz/lals/research/research-students/melanie-halpap,,Victoria University of Wellington,2013-11-21T13:46:23.105737+01:00,True,2013-11-21T13:46:23.105729+01:00,1
87,{},base,quintnicolas,Nicolas Quint,,,http://llacan.vjf.cnrs.fr/p_quint.php,,"CNRS-LLACAN, Paris",2013-11-21T13:46:23.106421+01:00,True,2013-11-21T13:46:23.106413+01:00,1
88,{},base,biaguinoelbernard,Noël Bernard Biagui,,,,,"CNRS-LLACAN, Paris",2013-11-21T13:46:23.107144+01:00,True,2013-11-21T13:46:23.107136+01:00,1
89,{},base,angelodenise,Denise Angelo,,,,,"Department of Education and Training, Queensland",2013-11-21T13:46:23.107815+01:00,True,2013-11-21T13:46:23.107807+01:00,1
90,{},base,haspelmathmartin,Martin Haspelmath,,,http://www.eva.mpg.de/lingua/staff/haspelmath/home.php,,Max Planck Institute for Evolutionary Anthropology,2013-11-21T13:46:23.108513+01:00,True,2013-11-21T13:46:23.108505+01:00,1
