{"dc:identifier": "53ad7f23e30d", "url": "feature.csv-metadata.json", "dc:license": {"schema:name": "http://creativecommons.org/licenses/by/3.0/"}, "dc:publisher": {"schema:name": "Max Planck Institute for Evolutionary Anthropology", "schema:url": {"@id": "http://www.eva.mpg.de"}}, "@context": ["http://www.w3.org/ns/csvw", {"@language": "en"}], "tableSchema": {"primaryKey": "pk", "columns": [{"datatype": {"@id": "http://www.w3.org/2001/XMLSchema#int"}, "name": "pk"}, {"datatype": {"@id": "http://www.w3.org/2001/XMLSchema#string"}, "name": "feature_type"}, {"datatype": {"@id": "http://www.w3.org/2001/XMLSchema#boolean"}, "name": "multivalued"}, {"datatype": {"@id": "http://www.w3.org/2001/XMLSchema#int"}, "name": "wals_id"}, {"datatype": {"@id": "http://www.w3.org/2001/XMLSchema#int"}, "name": "wals_representation"}, {"datatype": {"@id": "http://www.w3.org/2001/XMLSchema#int"}, "name": "representation"}, {"datatype": {"@id": "http://www.w3.org/2001/XMLSchema#string"}, "name": "area"}], "foreignKeys": [{"columnReference": "pk", "reference": {"columnReference": "pk", "resource": "parameter"}}]}}