{"dc:identifier": "53ad7f23e30d", "url": "featureauthor.csv-metadata.json", "dc:license": {"schema:name": "http://creativecommons.org/licenses/by/3.0/"}, "dc:publisher": {"schema:name": "Max Planck Institute for Evolutionary Anthropology", "schema:url": {"@id": "http://www.eva.mpg.de"}}, "@context": ["http://www.w3.org/ns/csvw", {"@language": "en"}], "tableSchema": {"primaryKey": "pk", "columns": [{"datatype": {"@id": "http://www.w3.org/2001/XMLSchema#int"}, "name": "pk", "dc:description": "primary key"}, {"datatype": {"@id": "http://www.w3.org/2001/XMLSchema#string"}, "name": "jsondata"}, {"datatype": {"@id": "http://www.w3.org/2001/XMLSchema#int"}, "name": "feature_pk"}, {"datatype": {"@id": "http://www.w3.org/2001/XMLSchema#int"}, "name": "contributor_pk"}, {"datatype": {"@id": "http://www.w3.org/2001/XMLSchema#int"}, "name": "ord"}, {"datatype": {"@id": "http://www.w3.org/2001/XMLSchema#dateTime"}, "name": "updated"}, {"datatype": {"@id": "http://www.w3.org/2001/XMLSchema#boolean"}, "name": "active"}, {"datatype": {"@id": "http://www.w3.org/2001/XMLSchema#dateTime"}, "name": "created"}], "foreignKeys": [{"columnReference": "feature_pk", "reference": {"columnReference": "pk", "resource": "feature"}}, {"columnReference": "contributor_pk", "reference": {"columnReference": "pk", "resource": "contributor"}}]}}