pk,jsondata,key,value,ord,updated,active,created,object_pk,version
1,{},Autoglossonym,Ningri tongo (18th century),0,2013-11-21T13:46:27.601689+01:00,True,2013-11-21T13:46:27.601683+01:00,1,1
2,{},Other names,"Bastert Engels, Neeger Engels (18th c. Dutch; obsolete, pejorative)",1,2013-11-21T13:46:27.603139+01:00,True,2013-11-21T13:46:27.603136+01:00,1,1
3,{},Number of speakers,"ca. 55,000  in 1783 (L1 as well as L2)",2,2013-11-21T13:46:27.603678+01:00,True,2013-11-21T13:46:27.603675+01:00,1,1
4,{},Major lexifier,English,3,2013-11-21T13:46:27.604210+01:00,True,2013-11-21T13:46:27.604208+01:00,1,1
5,{},Other contributing languages,"European (Dutch, Portuguese, etc.); West African (Kwa, Kikongo, etc.); Amerindian (Arawakan; Cariban)",4,2013-11-21T13:46:27.604716+01:00,True,2013-11-21T13:46:27.604713+01:00,1,1
6,{},Location,Suriname,5,2013-11-21T13:46:27.605220+01:00,True,2013-11-21T13:46:27.605218+01:00,1,1
7,{},Official language of 18th-century Suriname,Dutch,6,2013-11-21T13:46:27.605729+01:00,True,2013-11-21T13:46:27.605726+01:00,1,1
8,{},Autoglossonym,Sranan tongo,0,2013-11-21T13:46:27.628270+01:00,True,2013-11-21T13:46:27.628257+01:00,2,1
9,{},Other names,"Sranan, Taki-Taki, Surinaams, Suriname Creole English, Surinamese",1,2013-11-21T13:46:27.629163+01:00,True,2013-11-21T13:46:27.629154+01:00,2,1
10,{},Number of speakers,"126,000 (1993)",2,2013-11-21T13:46:27.629913+01:00,True,2013-11-21T13:46:27.629905+01:00,2,1
11,{},Major lexifier,English,3,2013-11-21T13:46:27.630657+01:00,True,2013-11-21T13:46:27.630648+01:00,2,1
12,{},Other contributing languages,"Dutch, Portuguese",4,2013-11-21T13:46:27.631386+01:00,True,2013-11-21T13:46:27.631378+01:00,2,1
13,{},Location,Suriname,5,2013-11-21T13:46:27.632127+01:00,True,2013-11-21T13:46:27.632119+01:00,2,1
14,{},Official language of Suriname,Dutch,6,2013-11-21T13:46:27.632844+01:00,True,2013-11-21T13:46:27.632837+01:00,2,1
15,{},Autoglossonym,Saamáká Tɔ́ŋɡɔ,0,2013-11-21T13:46:27.657054+01:00,True,2013-11-21T13:46:27.657049+01:00,3,1
16,{},Other name,"English: Saamaka, Dutch: Saramakaans",1,2013-11-21T13:46:27.657656+01:00,True,2013-11-21T13:46:27.657653+01:00,3,1
17,{},Number of speakers,"ca. 50,000",2,2013-11-21T13:46:27.658177+01:00,True,2013-11-21T13:46:27.658174+01:00,3,1
18,{},Major lexifiers,"English, Portuguese",3,2013-11-21T13:46:27.658689+01:00,True,2013-11-21T13:46:27.658686+01:00,3,1
19,{},Other contributing languages,"Gbe, Dutch, Kikongo, Wayana",4,2013-11-21T13:46:27.659192+01:00,True,2013-11-21T13:46:27.659190+01:00,3,1
20,{},Location,"Suriname River and Saramacca River, Surinam",5,2013-11-21T13:46:27.659702+01:00,True,2013-11-21T13:46:27.659700+01:00,3,1
21,{},Official language of Surinam,"Dutch, Sranan (Tongo) is the lingua franca.",6,2013-11-21T13:46:27.660241+01:00,True,2013-11-21T13:46:27.660239+01:00,3,1
22,{},Autoglossonyms,"Nenge, Nengee, Businenge Tongo ; names of the dialectal varieties: Aluku, Ndyuka or Okanisi, Pamaka, Kotika",0,2013-11-21T13:46:27.677057+01:00,True,2013-11-21T13:46:27.677047+01:00,4,1
23,{},Other names,"English: Eastern Maroon Creole, Ndyuka (dialectal varieties: Ndyuka or Aucan, Aluku or Boni, Paramaccan(s) or Paramakan(s)) French: takitaki, businenge tongo Dutch: Auccaans (dialectal varieties: Ndyuka or Auccaans, Aluku or Boni, Paramaccaans)",1,2013-11-21T13:46:27.677981+01:00,True,2013-11-21T13:46:27.677970+01:00,4,1
24,{},Number of speakers,"66,500 (Price 2002)",2,2013-11-21T13:46:27.678830+01:00,True,2013-11-21T13:46:27.678819+01:00,4,1
25,{},Major lexifier,English,3,2013-11-21T13:46:27.679662+01:00,True,2013-11-21T13:46:27.679650+01:00,4,1
26,{},Other contributing languages,"Portuguese, Amerindian languages, Gbe, Kikongo",4,2013-11-21T13:46:27.680498+01:00,True,2013-11-21T13:46:27.680488+01:00,4,1
27,{},Location,"Suriname, French Guiana and diaspora communities in Netherlands, France",5,2013-11-21T13:46:27.681333+01:00,True,2013-11-21T13:46:27.681322+01:00,4,1
28,{},Official language of Suriname: of French Guiana,Dutch French,6,2013-11-21T13:46:27.682169+01:00,True,2013-11-21T13:46:27.682158+01:00,4,1
29,{},Autoglossonym,Kriyoliiz,0,2013-11-21T13:46:27.709812+01:00,True,2013-11-21T13:46:27.709800+01:00,5,1
30,{},Other names,"Guyanese (English) Creole, Guyanese Creole English",1,2013-11-21T13:46:27.710578+01:00,True,2013-11-21T13:46:27.710567+01:00,5,1
31,{},Number of speakers,"approximately 700,000",2,2013-11-21T13:46:27.711292+01:00,True,2013-11-21T13:46:27.711281+01:00,5,1
32,{},Major lexifier,English,3,2013-11-21T13:46:27.711950+01:00,True,2013-11-21T13:46:27.711942+01:00,5,1
33,{},Other contributing languages,"Twi, Akan (Rickford 1987: 45, 46), Dutch, Hindi, Arawak (Lokono)",4,2013-11-21T13:46:27.712547+01:00,True,2013-11-21T13:46:27.712540+01:00,5,1
34,{},Location,Republic of Guyana and diaspora communities,5,2013-11-21T13:46:27.713128+01:00,True,2013-11-21T13:46:27.713120+01:00,5,1
35,{},Official language of the Republic of Guyana,Standard Guyanese English,6,2013-11-21T13:46:27.713714+01:00,True,2013-11-21T13:46:27.713706+01:00,5,1
36,{},Autoglossonyms,"dialect, Trini talk",0,2013-11-21T13:46:27.739347+01:00,True,2013-11-21T13:46:27.739334+01:00,6,1
37,{},Number of speakers,"ca. 1,200,000",1,2013-11-21T13:46:27.740338+01:00,True,2013-11-21T13:46:27.740328+01:00,6,1
38,{},Major lexifier,English,2,2013-11-21T13:46:27.741169+01:00,True,2013-11-21T13:46:27.741158+01:00,6,1
39,{},Other contributing languages,"West Bantu languages, French, Caribbean French Creoles, Spanish, Bhojpuri",3,2013-11-21T13:46:27.741958+01:00,True,2013-11-21T13:46:27.741947+01:00,6,1
40,{},Location,"Trinidad and Tobago; diaspora communities in the United Kingdom, Canada and USA",4,2013-11-21T13:46:27.742738+01:00,True,2013-11-21T13:46:27.742726+01:00,6,1
41,{},Official language of the Republic of Trinidad and Tobago,English,5,2013-11-21T13:46:27.743512+01:00,True,2013-11-21T13:46:27.743501+01:00,6,1
42,{},Autoglossonyms,"Vincy , Dialect",0,2013-11-21T13:46:27.773896+01:00,True,2013-11-21T13:46:27.773885+01:00,7,1
43,{},Number of speakers,"117, 000",1,2013-11-21T13:46:27.774855+01:00,True,2013-11-21T13:46:27.774844+01:00,7,1
44,{},Major lexifier,varieties of English,2,2013-11-21T13:46:27.776419+01:00,True,2013-11-21T13:46:27.776407+01:00,7,1
45,{},Other contributing languages,Atlantic-Congo languages,3,2013-11-21T13:46:27.777327+01:00,True,2013-11-21T13:46:27.777316+01:00,7,1
46,{},Location,"Saint Vincent and the Grenadines and diaspora communities in North America, Britain and other Caribbean territories",4,2013-11-21T13:46:27.778229+01:00,True,2013-11-21T13:46:27.778218+01:00,7,1
47,{},Official language of Saint Vincent and the Grenadines,English,5,2013-11-21T13:46:27.779059+01:00,True,2013-11-21T13:46:27.779050+01:00,7,1
48,{},Autoglossonyms,"Patwa, Jamaican Patwa",0,2013-11-21T13:46:27.818539+01:00,True,2013-11-21T13:46:27.818526+01:00,8,1
49,{},English names,"Jamaican, Jamaican Creole, Jamaican Dialect",1,2013-11-21T13:46:27.819539+01:00,True,2013-11-21T13:46:27.819527+01:00,8,1
50,{},Number of speakers,"circa 3,000,000",2,2013-11-21T13:46:27.820484+01:00,True,2013-11-21T13:46:27.820473+01:00,8,1
51,{},Major lexifier,English,3,2013-11-21T13:46:27.821289+01:00,True,2013-11-21T13:46:27.821278+01:00,8,1
52,{},Other contributing languages,"Akan, Koongo, Gbe",4,2013-11-21T13:46:27.822078+01:00,True,2013-11-21T13:46:27.822067+01:00,8,1
53,{},Location,"Jamaica (also spoken in the USA, the UK, Canada); daughter languages in Costa Rica, London Jamaican",5,2013-11-21T13:46:27.822859+01:00,True,2013-11-21T13:46:27.822847+01:00,8,1
54,{},Official language of Jamaica,English,6,2013-11-21T13:46:27.823636+01:00,True,2013-11-21T13:46:27.823625+01:00,8,1
55,{},Autoglossonyms,"Kriol, broken English",0,2013-11-21T13:46:27.854098+01:00,True,2013-11-21T13:46:27.854090+01:00,9,1
56,{},Number of speakers,"150,000",1,2013-11-21T13:46:27.854774+01:00,True,2013-11-21T13:46:27.854768+01:00,9,1
57,{},Major lexifier,English,2,2013-11-21T13:46:27.855580+01:00,True,2013-11-21T13:46:27.855569+01:00,9,1
58,{},Other contributing languages,"Akan, also Cross River (Ibibio), Bantoid (Kituba, Swahili)",3,2013-11-21T13:46:27.856191+01:00,True,2013-11-21T13:46:27.856184+01:00,9,1
59,{},Location,Belize (and diaspora in the United States and other Central American countries),4,2013-11-21T13:46:27.856768+01:00,True,2013-11-21T13:46:27.856760+01:00,9,1
60,{},Official language of Belize,English,5,2013-11-21T13:46:27.857381+01:00,True,2013-11-21T13:46:27.857372+01:00,9,1
61,{},Autoglossonym,Saintandrewan,0,2013-11-21T13:46:27.877765+01:00,True,2013-11-21T13:46:27.877755+01:00,10,1
187,{},Autoglossonym,Afrikaans,0,2013-11-21T13:46:28.394442+01:00,True,2013-11-21T13:46:28.394419+01:00,29,1
62,{},Other names,"San Andres Creole English , Islander Creole English, Bende 1",1,2013-11-21T13:46:27.878588+01:00,True,2013-11-21T13:46:27.878581+01:00,10,1
63,{},Number of speakers,"20,000–30,000? 2",2,2013-11-21T13:46:27.879533+01:00,True,2013-11-21T13:46:27.879527+01:00,10,1
64,{},Major lexifier,English,3,2013-11-21T13:46:27.880258+01:00,True,2013-11-21T13:46:27.880252+01:00,10,1
65,{},Other contributing languages,"Western Kwa languages, especially Twi-Fante",4,2013-11-21T13:46:27.880965+01:00,True,2013-11-21T13:46:27.880959+01:00,10,1
66,{},Location,"San Andres, Providence, and diaspora communities in continental Colombia, the Central American Caribbean Coast, especially Panama, and the United States",5,2013-11-21T13:46:27.881580+01:00,True,2013-11-21T13:46:27.881574+01:00,10,1
67,{},"Official languages of the Colombian Department of San Andres, Providence and Santa Catalina",Spanish and English,6,2013-11-21T13:46:27.882179+01:00,True,2013-11-21T13:46:27.882173+01:00,10,1
68,{},Autoglossonym,Creole,0,2013-11-21T13:46:27.905967+01:00,True,2013-11-21T13:46:27.905954+01:00,11,1
69,{},Other name,Miskito Coast Creole English,1,2013-11-21T13:46:27.906882+01:00,True,2013-11-21T13:46:27.906873+01:00,11,1
70,{},Number of speakers,"35,000–50,000 first-language speakers",2,2013-11-21T13:46:27.907750+01:00,True,2013-11-21T13:46:27.907740+01:00,11,1
71,{},Major lexifier,English,3,2013-11-21T13:46:27.908689+01:00,True,2013-11-21T13:46:27.908678+01:00,11,1
72,{},Other contributing languages,"Western Kwa languages, especially Twi-Fante",4,2013-11-21T13:46:27.909591+01:00,True,2013-11-21T13:46:27.909580+01:00,11,1
73,{},Location,Autonomous Regions of the Nicaraguan Caribbean Coast; diaspora communities in Nicaragua (Managua) and the United States,5,2013-11-21T13:46:27.910419+01:00,True,2013-11-21T13:46:27.910411+01:00,11,1
74,{},Official language of Nicaragua,Spanish,6,2013-11-21T13:46:27.911305+01:00,True,2013-11-21T13:46:27.911295+01:00,11,1
75,{},Autoglossonyms,"(Bahamian) Dialect, Bahamianese",0,2013-11-21T13:46:27.940708+01:00,True,2013-11-21T13:46:27.940696+01:00,12,1
76,{},Number of speakers,"ca. 250,000",1,2013-11-21T13:46:27.941588+01:00,True,2013-11-21T13:46:27.941577+01:00,12,1
77,{},Major lexifier,English,2,2013-11-21T13:46:27.942489+01:00,True,2013-11-21T13:46:27.942478+01:00,12,1
78,{},Other contributing languages,unknown,3,2013-11-21T13:46:27.943387+01:00,True,2013-11-21T13:46:27.943376+01:00,12,1
79,{},Location,Bahamas and diaspora communities in the United States (Florida),4,2013-11-21T13:46:27.944248+01:00,True,2013-11-21T13:46:27.944239+01:00,12,1
80,{},Official language of The Commonwealth of The Bahamas,English,5,2013-11-21T13:46:27.945128+01:00,True,2013-11-21T13:46:27.945117+01:00,12,1
81,{},Other languages spoken,Haitian Creole,6,2013-11-21T13:46:27.946011+01:00,True,2013-11-21T13:46:27.946001+01:00,12,1
82,{},Autoglossonyms,"Gullah, Geechee, “broken English”",0,2013-11-21T13:46:27.977051+01:00,True,2013-11-21T13:46:27.977039+01:00,13,1
83,{},Other name,Sea Island Creole,1,2013-11-21T13:46:27.977914+01:00,True,2013-11-21T13:46:27.977904+01:00,13,1
84,{},Number of speakers,"no more than ca. 10,000 monolinguals",2,2013-11-21T13:46:27.978677+01:00,True,2013-11-21T13:46:27.978669+01:00,13,1
85,{},Major lexifier,English,3,2013-11-21T13:46:27.979417+01:00,True,2013-11-21T13:46:27.979409+01:00,13,1
86,{},Other contributing languages,"Fula, Kongo, Mende, Vai, Yoruba",4,2013-11-21T13:46:27.980193+01:00,True,2013-11-21T13:46:27.980185+01:00,13,1
87,{},Location,"SE corner of North Carolina, South Carolina, Georgia, and NE corner of Florida; Sea Islands and adjacent coastal areas",5,2013-11-21T13:46:27.980884+01:00,True,2013-11-21T13:46:27.980873+01:00,13,1
88,{},Official language of the United States,English (de facto),6,2013-11-21T13:46:27.981663+01:00,True,2013-11-21T13:46:27.981653+01:00,13,1
89,{},Other names,"African American Vernacular English, African American Language, Ebonics",0,2013-11-21T13:46:28.008840+01:00,True,2013-11-21T13:46:28.008836+01:00,14,1
90,{},Number of speakers,many millions of speakers,1,2013-11-21T13:46:28.009206+01:00,True,2013-11-21T13:46:28.009203+01:00,14,1
91,{},Major lexifier,English,2,2013-11-21T13:46:28.009509+01:00,True,2013-11-21T13:46:28.009506+01:00,14,1
92,{},Other contributing languages,various African languages,3,2013-11-21T13:46:28.009806+01:00,True,2013-11-21T13:46:28.009803+01:00,14,1
93,{},Location,"United States, some diaspora communities",4,2013-11-21T13:46:28.010100+01:00,True,2013-11-21T13:46:28.010097+01:00,14,1
94,{},Main languages of the United States,"English, Spanish",5,2013-11-21T13:46:28.010422+01:00,True,2013-11-21T13:46:28.010420+01:00,14,1
95,{},Autoglossonym,Krio,0,2013-11-21T13:46:28.022747+01:00,True,2013-11-21T13:46:28.022742+01:00,15,1
96,{},Number of speakers,"Native speakers: approx. 350,000 Use as lingua franca: approx. 4 million",1,2013-11-21T13:46:28.023269+01:00,True,2013-11-21T13:46:28.023266+01:00,15,1
97,{},Major lexifier,English,2,2013-11-21T13:46:28.023725+01:00,True,2013-11-21T13:46:28.023722+01:00,15,1
98,{},Other contributing languages,"Yoruba, other West African languages",3,2013-11-21T13:46:28.024185+01:00,True,2013-11-21T13:46:28.024182+01:00,15,1
99,{},Location,primarily in Freetown and in other cities in Sierra Leone,4,2013-11-21T13:46:28.024628+01:00,True,2013-11-21T13:46:28.024625+01:00,15,1
100,{},Official language of Sierra Leone,English,5,2013-11-21T13:46:28.025073+01:00,True,2013-11-21T13:46:28.025070+01:00,15,1
101,{},Autoglossonyms,"Broken , Pidgin (English) , ( Kru English and the Akan equivalent kroo brofo are both obsolete)",0,2013-11-21T13:46:28.042840+01:00,True,2013-11-21T13:46:28.042835+01:00,16,1
102,{},Number of speakers,ca. 5 million,1,2013-11-21T13:46:28.043412+01:00,True,2013-11-21T13:46:28.043408+01:00,16,1
103,{},Major lexifier,English,2,2013-11-21T13:46:28.044101+01:00,True,2013-11-21T13:46:28.044093+01:00,16,1
104,{},Other contributing languages,Western Kwa and Gur languages,3,2013-11-21T13:46:28.044738+01:00,True,2013-11-21T13:46:28.044730+01:00,16,1
105,{},Location,Ghana,4,2013-11-21T13:46:28.045350+01:00,True,2013-11-21T13:46:28.045344+01:00,16,1
106,{},Official languages of Ghana,"English (de facto); Akan, Ewe, Dangme, Ga, Nzema, Dagaare, Gonja, Kasem, Dagbani (national languages)",5,2013-11-21T13:46:28.045918+01:00,True,2013-11-21T13:46:28.045912+01:00,16,1
107,{},Autoglossonyms,"Broken, Pidgin",0,2013-11-21T13:46:28.064682+01:00,True,2013-11-21T13:46:28.064673+01:00,17,1
108,{},Number of speakers,approximately 75 million,1,2013-11-21T13:46:28.065525+01:00,True,2013-11-21T13:46:28.065517+01:00,17,1
109,{},Major lexifier,English,2,2013-11-21T13:46:28.066248+01:00,True,2013-11-21T13:46:28.066239+01:00,17,1
110,{},Other contributing languages,primarily Benue-Kwa languages of the Niger-Congo family,3,2013-11-21T13:46:28.066982+01:00,True,2013-11-21T13:46:28.066976+01:00,17,1
111,{},Location,Nigeria and the Nigerian diaspora,4,2013-11-21T13:46:28.067910+01:00,True,2013-11-21T13:46:28.067898+01:00,17,1
112,{},Official languages of Nigeria,"English, Hausa, Igbo, Yoruba",5,2013-11-21T13:46:28.068663+01:00,True,2013-11-21T13:46:28.068654+01:00,17,1
113,{},Autoglossonym,Kamtok,0,2013-11-21T13:46:28.098601+01:00,True,2013-11-21T13:46:28.098589+01:00,18,1
114,{},Other name,Cam(eroon) talk,1,2013-11-21T13:46:28.099511+01:00,True,2013-11-21T13:46:28.099502+01:00,18,1
115,{},Number of speakers,unknown,2,2013-11-21T13:46:28.100337+01:00,True,2013-11-21T13:46:28.100329+01:00,18,1
116,{},Major lexifier,English,3,2013-11-21T13:46:28.101298+01:00,True,2013-11-21T13:46:28.101287+01:00,18,1
117,{},Other contributing languages,"French, many indigenous Cameroonian languages",4,2013-11-21T13:46:28.102111+01:00,True,2013-11-21T13:46:28.102100+01:00,18,1
118,{},Location,Cameroon and diaspora communities worldwide,5,2013-11-21T13:46:28.102901+01:00,True,2013-11-21T13:46:28.102890+01:00,18,1
119,{},Official languages of Cameroon,"French, English",6,2013-11-21T13:46:28.103680+01:00,True,2013-11-21T13:46:28.103669+01:00,18,1
120,{},Autoglossonyms,"Pichi, Pichin, Pichinglis, Krio",0,2013-11-21T13:46:28.132645+01:00,True,2013-11-21T13:46:28.132633+01:00,19,1
121,{},Other names,"English: Fernando Po Creole English, Fernando Po Krio, Pidgin, Broken English Spanish: Pichi, Pichinglis",1,2013-11-21T13:46:28.133387+01:00,True,2013-11-21T13:46:28.133376+01:00,19,1
122,{},Number of speakers,"100,000 upwards",2,2013-11-21T13:46:28.134097+01:00,True,2013-11-21T13:46:28.134086+01:00,19,1
123,{},Major lexifier,English,3,2013-11-21T13:46:28.134796+01:00,True,2013-11-21T13:46:28.134792+01:00,19,1
124,{},Other contributing languages,"Spanish (major), Yoruba, Portuguese, Bube, French",4,2013-11-21T13:46:28.135453+01:00,True,2013-11-21T13:46:28.135441+01:00,19,1
125,{},Location,"Bioko (Equatorial Guinea) and emigrant communities in Rio Muni, neighbouring countries and Spain",5,2013-11-21T13:46:28.136231+01:00,True,2013-11-21T13:46:28.136227+01:00,19,1
126,{},Official languages of Equatorial Guinea,Spanish and French,6,2013-11-21T13:46:28.136759+01:00,True,2013-11-21T13:46:28.136755+01:00,19,1
127,{},Autoglossonyms,"Pidgin, Pidgin English",0,2013-11-21T13:46:28.163896+01:00,True,2013-11-21T13:46:28.163884+01:00,20,1
128,{},Other name,"Chinese Coast Pidgin , Cantonese:_廣東番話 (Gwóngdūng fāanwáa)",1,2013-11-21T13:46:28.164839+01:00,True,2013-11-21T13:46:28.164828+01:00,20,1
129,{},Number of speakers,"rememberers only (formerly in the 1,000s)",2,2013-11-21T13:46:28.165745+01:00,True,2013-11-21T13:46:28.165735+01:00,20,1
130,{},Major lexifier,English,3,2013-11-21T13:46:28.166571+01:00,True,2013-11-21T13:46:28.166560+01:00,20,1
131,{},Other contributing languages,"Cantonese, Portuguese",4,2013-11-21T13:46:28.167270+01:00,True,2013-11-21T13:46:28.167266+01:00,20,1
132,{},Location,"Formerly in Canton (Guangzhou), Hong Kong, Shanghai and other treaty ports",5,2013-11-21T13:46:28.168814+01:00,True,2013-11-21T13:46:28.168803+01:00,20,1
133,{},Official languages of Hong Kong: Official language of the People’s Republic of China,"English, Cantonese and Putonghua (Mandarin) Putonghua (Mandarin)",6,2013-11-21T13:46:28.169652+01:00,True,2013-11-21T13:46:28.169642+01:00,20,1
134,{},Autoglossonyms,"Singlish, Singapore Colloquial English, Singapore English",0,2013-11-21T13:46:28.194795+01:00,True,2013-11-21T13:46:28.194783+01:00,21,1
135,{},Number of speakers,Ca. 4 million,1,2013-11-21T13:46:28.195751+01:00,True,2013-11-21T13:46:28.195740+01:00,21,1
136,{},Major lexifier,English,2,2013-11-21T13:46:28.196594+01:00,True,2013-11-21T13:46:28.196586+01:00,21,1
137,{},Other contributing languages,"Hokkien, Malay, Cantonese, Mandarin",3,2013-11-21T13:46:28.197368+01:00,True,2013-11-21T13:46:28.197360+01:00,21,1
138,{},Location,Singapore,4,2013-11-21T13:46:28.198136+01:00,True,2013-11-21T13:46:28.198128+01:00,21,1
139,{},Official languages of Singapore,"English, Mandarin, Malay",5,2013-11-21T13:46:28.198820+01:00,True,2013-11-21T13:46:28.198813+01:00,21,1
140,{},Autoglossonym,Tok Pisin,0,2013-11-21T13:46:28.217492+01:00,True,2013-11-21T13:46:28.217480+01:00,22,1
141,{},Other name,New Guinea Pidgin,1,2013-11-21T13:46:28.218396+01:00,True,2013-11-21T13:46:28.218387+01:00,22,1
142,{},Number of speakers,3–5 million (estimated),2,2013-11-21T13:46:28.219108+01:00,True,2013-11-21T13:46:28.219100+01:00,22,1
143,{},Major lexifier,English,3,2013-11-21T13:46:28.219790+01:00,True,2013-11-21T13:46:28.219782+01:00,22,1
144,{},Other contributing languages,"Melanesian, Austronesian languages",4,2013-11-21T13:46:28.220477+01:00,True,2013-11-21T13:46:28.220469+01:00,22,1
145,{},Location,Papua New Guinea,5,2013-11-21T13:46:28.221167+01:00,True,2013-11-21T13:46:28.221159+01:00,22,1
146,{},Official languages of Papua New Guinea,"English, Tok Pisin, Hiri Motu",6,2013-11-21T13:46:28.221920+01:00,True,2013-11-21T13:46:28.221912+01:00,22,1
147,{},Autoglossonym,Bislama,0,2013-11-21T13:46:28.248628+01:00,True,2013-11-21T13:46:28.248624+01:00,23,1
148,{},Other names,"Biche-la-mar, bislaman",1,2013-11-21T13:46:28.249068+01:00,True,2013-11-21T13:46:28.249065+01:00,23,1
149,{},Number of speakers,"widely spoken among a total population of c. 218,000",2,2013-11-21T13:46:28.249377+01:00,True,2013-11-21T13:46:28.249374+01:00,23,1
150,{},Major lexifier,English,3,2013-11-21T13:46:28.249642+01:00,True,2013-11-21T13:46:28.249640+01:00,23,1
151,{},Other contributing languages,"French Vanuatu vernaculars (Eastern Oceanic, some Polynesian)",4,2013-11-21T13:46:28.249872+01:00,True,2013-11-21T13:46:28.249869+01:00,23,1
152,{},Location,Vanuatu,5,2013-11-21T13:46:28.250215+01:00,True,2013-11-21T13:46:28.250211+01:00,23,1
153,{},Official languages of Vanuatu,"Bislama (national language), English, French (languages of education)",6,2013-11-21T13:46:28.250486+01:00,True,2013-11-21T13:46:28.250483+01:00,23,1
154,{},Autoglossonyms,"Norf’k, Norfolk",0,2013-11-21T13:46:28.266412+01:00,True,2013-11-21T13:46:28.266401+01:00,24,1
155,{},Other names,"Norfolkese, Norfolk Language",1,2013-11-21T13:46:28.267179+01:00,True,2013-11-21T13:46:28.267168+01:00,24,1
156,{},Number of speakers,800,2,2013-11-21T13:46:28.268109+01:00,True,2013-11-21T13:46:28.268099+01:00,24,1
157,{},Major lexifier,English,3,2013-11-21T13:46:28.268988+01:00,True,2013-11-21T13:46:28.268978+01:00,24,1
158,{},Other contributing languages,"Tahitian, St.Kitts Creole",4,2013-11-21T13:46:28.269871+01:00,True,2013-11-21T13:46:28.269861+01:00,24,1
159,{},Location,"Norfolk Island, Australia, New Zealand",5,2013-11-21T13:46:28.270680+01:00,True,2013-11-21T13:46:28.270670+01:00,24,1
160,{},Official languages of Norfolk Island,Norf’k and English,6,2013-11-21T13:46:28.271446+01:00,True,2013-11-21T13:46:28.271436+01:00,24,1
161,{},Autoglossonym,often referred to as English,0,2013-11-21T13:46:28.296141+01:00,True,2013-11-21T13:46:28.296135+01:00,25,1
162,{},Other names,"Roper River Kriol, Fitzroy Valley Kriol, Northern Australian Creole, Aboriginal English",1,2013-11-21T13:46:28.297046+01:00,True,2013-11-21T13:46:28.297035+01:00,25,1
163,{},Number of speakers,"over 20,000",2,2013-11-21T13:46:28.297954+01:00,True,2013-11-21T13:46:28.297943+01:00,25,1
164,{},Major lexifier,English,3,2013-11-21T13:46:28.298885+01:00,True,2013-11-21T13:46:28.298874+01:00,25,1
165,{},Other contributing languages,"Alawa, Marra, Ngalakgan, Wandarrang, Mangarrayi, Ngandi and Nunggubuyu (Roper River); Jawoyn, Dalabon, Rembarrnga, (Barunga/ Beswick); Jaminjung, Ngarinyman, Wardaman (Westside); Walmatjari, Jaru, Miriwoong, Gija (Kimberley)",4,2013-11-21T13:46:28.299635+01:00,True,2013-11-21T13:46:28.299626+01:00,25,1
166,{},Location,northern Australia,5,2013-11-21T13:46:28.300314+01:00,True,2013-11-21T13:46:28.300310+01:00,25,1
167,{},Official language of Australia,English,6,2013-11-21T13:46:28.301021+01:00,True,2013-11-21T13:46:28.301012+01:00,25,1
168,{},Autoglossonym,Pidgin,0,2013-11-21T13:46:28.327355+01:00,True,2013-11-21T13:46:28.327343+01:00,26,1
169,{},Other names,"Hawaiʻi Creole English, Hawaiian Creole",1,2013-11-21T13:46:28.328281+01:00,True,2013-11-21T13:46:28.328272+01:00,26,1
170,{},Number of speakers,"ca. 700,000",2,2013-11-21T13:46:28.329097+01:00,True,2013-11-21T13:46:28.329086+01:00,26,1
171,{},Major lexifier,English,3,2013-11-21T13:46:28.329867+01:00,True,2013-11-21T13:46:28.329856+01:00,26,1
172,{},Other contributing languages,"Hawaiian, Chinese, Portuguese",4,2013-11-21T13:46:28.330721+01:00,True,2013-11-21T13:46:28.330709+01:00,26,1
173,{},Location,Hawaiian Islands and the US mainland (predominantly the West Coast),5,2013-11-21T13:46:28.331511+01:00,True,2013-11-21T13:46:28.331501+01:00,26,1
174,{},Official languages of Hawaiʻi,"English, Hawaiian",6,2013-11-21T13:46:28.332294+01:00,True,2013-11-21T13:46:28.332284+01:00,26,1
175,{},Number of speakers,none (extinct),0,2013-11-21T13:46:28.356264+01:00,True,2013-11-21T13:46:28.356259+01:00,27,1
176,{},Major lexifier,Zealandic Dutch,1,2013-11-21T13:46:28.356848+01:00,True,2013-11-21T13:46:28.356839+01:00,27,1
177,{},Other contributing languages,"English, Danish, Portuguese/Spanish (possibly through Papiamentu), Papiamentu",2,2013-11-21T13:46:28.357554+01:00,True,2013-11-21T13:46:28.357543+01:00,27,1
178,{},Location,"the islands of St. John, St. Croix, and St. Thomas: the three main islands of the current US Virgin Islands",3,2013-11-21T13:46:28.358289+01:00,True,2013-11-21T13:46:28.358278+01:00,27,1
179,{},Official language of the US Virgin Islands,English,4,2013-11-21T13:46:28.358932+01:00,True,2013-11-21T13:46:28.358921+01:00,27,1
180,{},Autoglossonym,di lanʃi (‘the language’),0,2013-11-21T13:46:28.380284+01:00,True,2013-11-21T13:46:28.380278+01:00,28,1
181,{},Other name,Berbice Dutch Creole,1,2013-11-21T13:46:28.380625+01:00,True,2013-11-21T13:46:28.380622+01:00,28,1
182,{},Number of speakers,none,2,2013-11-21T13:46:28.380928+01:00,True,2013-11-21T13:46:28.380925+01:00,28,1
183,{},Major lexifier,Dutch,3,2013-11-21T13:46:28.381224+01:00,True,2013-11-21T13:46:28.381221+01:00,28,1
184,{},Other contributing language,Eastern Ijo,4,2013-11-21T13:46:28.381545+01:00,True,2013-11-21T13:46:28.381543+01:00,28,1
185,{},Location,"Berbice River (upriver locations), Guyana",5,2013-11-21T13:46:28.381885+01:00,True,2013-11-21T13:46:28.381882+01:00,28,1
186,{},Official language of Guyana,English,6,2013-11-21T13:46:28.382203+01:00,True,2013-11-21T13:46:28.382201+01:00,28,1
188,{},Number of speakers,over 6 million,1,2013-11-21T13:46:28.395774+01:00,True,2013-11-21T13:46:28.395757+01:00,29,1
189,{},Major lexifier,Dutch,2,2013-11-21T13:46:28.396558+01:00,True,2013-11-21T13:46:28.396553+01:00,29,1
190,{},Other contributing languages,"English, Khoekhoe, South African Malay, Portuguese Creole",3,2013-11-21T13:46:28.397089+01:00,True,2013-11-21T13:46:28.397080+01:00,29,1
191,{},Location,"South Africa, Namibia, Botswana",4,2013-11-21T13:46:28.397685+01:00,True,2013-11-21T13:46:28.397677+01:00,29,1
192,{},Official languages of South Africa,"Afrikaans, English, Ndebele, Northern Sotho, Sotho, Swati, Tsonga, Tswana, Venda, Xhosa, Zulu",5,2013-11-21T13:46:28.398344+01:00,True,2013-11-21T13:46:28.398333+01:00,29,1
193,{},Autoglossonyms,"badíu, kriolu",0,2013-11-21T13:46:28.427966+01:00,True,2013-11-21T13:46:28.427953+01:00,30,1
194,{},Other name,"English: Santiago Creole, Portuguese: crioulo da ilha de Sant i ago (Cabo Verde)",1,2013-11-21T13:46:28.429042+01:00,True,2013-11-21T13:46:28.429027+01:00,30,1
195,{},Number of speakers,"450,000",2,2013-11-21T13:46:28.430344+01:00,True,2013-11-21T13:46:28.430329+01:00,30,1
196,{},Major lexifier,Portuguese,3,2013-11-21T13:46:28.431013+01:00,True,2013-11-21T13:46:28.431009+01:00,30,1
197,{},Other contributing languages,"Atlantic (Wolof, Temne) and Mande (Mandinka) languages",4,2013-11-21T13:46:28.431615+01:00,True,2013-11-21T13:46:28.431611+01:00,30,1
198,{},Location,"Santiago, and diaspora communities in São Tomé and Príncipe, the USA (New England Coast, Boston), Angola, Senegal, Portugal, the Netherlands",5,2013-11-21T13:46:28.432198+01:00,True,2013-11-21T13:46:28.432195+01:00,30,1
199,{},Official language of Cape Verde,Portuguese,6,2013-11-21T13:46:28.432705+01:00,True,2013-11-21T13:46:28.432702+01:00,30,1
200,{},Autoglossonyms,"Kriolu di Dja Braba, Crioulo, Kriolu, Bravense",0,2013-11-21T13:46:28.460023+01:00,True,2013-11-21T13:46:28.460011+01:00,31,1
201,{},Other name,Portuguese: Crioulo da ilha de Brava (Cabo Verde),1,2013-11-21T13:46:28.460776+01:00,True,2013-11-21T13:46:28.460764+01:00,31,1
202,{},Number of speakers,"6,043 inhabitants (2010) on the island",2,2013-11-21T13:46:28.461492+01:00,True,2013-11-21T13:46:28.461481+01:00,31,1
203,{},Major lexifier,Portuguese,3,2013-11-21T13:46:28.462215+01:00,True,2013-11-21T13:46:28.462204+01:00,31,1
204,{},Other contributing languages,"Atlantic (Wolof, Temne) and Mande (Mandinka) languages",4,2013-11-21T13:46:28.462819+01:00,True,2013-11-21T13:46:28.462810+01:00,31,1
205,{},Location,"Brava and diaspora communities in Angola, France, Italy, Mozambique, Netherlands, Portugal, Senegal, São Tomé and Príncipe, United States (New England area, Florida, California)",5,2013-11-21T13:46:28.463401+01:00,True,2013-11-21T13:46:28.463393+01:00,31,1
206,{},Official language of Cape Verde,Portuguese,6,2013-11-21T13:46:28.464009+01:00,True,2013-11-21T13:46:28.464000+01:00,31,1
207,{},Autoglossonyms,"kriol, kriol d’Sonsent",0,2013-11-21T13:46:28.488863+01:00,True,2013-11-21T13:46:28.488852+01:00,32,1
208,{},Other name,São Vicente Creole Portuguese: crioulo da ilha de São Vicente (Cabo Verde),1,2013-11-21T13:46:28.489633+01:00,True,2013-11-21T13:46:28.489622+01:00,32,1
209,{},Number of speakers,"approx. 76,000",2,2013-11-21T13:46:28.490301+01:00,True,2013-11-21T13:46:28.490292+01:00,32,1
210,{},Major lexifier,Portuguese,3,2013-11-21T13:46:28.490896+01:00,True,2013-11-21T13:46:28.490887+01:00,32,1
211,{},Other contributing languages,Sotavento varieties of Cape Verdean Creole (especially the variety of Fogo in the 18th century); Barlavento varieties of Cape Verdean Creole (especially the variety of Santo Antão); English due to port related economic activities and modern globalization,4,2013-11-21T13:46:28.491480+01:00,True,2013-11-21T13:46:28.491472+01:00,32,1
212,{},Location,São Vicente island and diaspora communities in Western Europe and the United States,5,2013-11-21T13:46:28.492160+01:00,True,2013-11-21T13:46:28.492152+01:00,32,1
213,{},Official language of Cape Verde,Portuguese,6,2013-11-21T13:46:28.493048+01:00,True,2013-11-21T13:46:28.493037+01:00,32,1
214,{},Autoglossonym,Kriyol,0,2013-11-21T13:46:28.519493+01:00,True,2013-11-21T13:46:28.519480+01:00,33,1
215,{},Other names,"Portuguese: crioulo, guineense English: Guinea-Bissau Creole Portuguese",1,2013-11-21T13:46:28.520295+01:00,True,2013-11-21T13:46:28.520284+01:00,33,1
216,{},Number of speakers,600,2,2013-11-21T13:46:28.521131+01:00,True,2013-11-21T13:46:28.521120+01:00,33,1
217,{},Location,"Guinea-Bissau, southern Senegal",3,2013-11-21T13:46:28.521957+01:00,True,2013-11-21T13:46:28.521946+01:00,33,1
218,{},Major lexifier,Portuguese,4,2013-11-21T13:46:28.522789+01:00,True,2013-11-21T13:46:28.522778+01:00,33,1
219,{},Other contributing languages,"Balanta, Fula, Mandinga, Manjaku, Mankanya, Pepel",5,2013-11-21T13:46:28.523571+01:00,True,2013-11-21T13:46:28.523560+01:00,33,1
220,{},Major languages of Guinea-Bissau,"Portuguese (official language), Kriyol, Balanta, Fula, Manjaku, Mandinga, Pepel, Mankanya, Biafada, Bijagó, Diola + 11 minor languages",6,2013-11-21T13:46:28.524336+01:00,True,2013-11-21T13:46:28.524325+01:00,33,1
221,{},Autoglossonyms,"kriyol, liŋgu kristoŋ",0,2013-11-21T13:46:28.551964+01:00,True,2013-11-21T13:46:28.551956+01:00,34,1
222,{},Other names,"French: créole casamançais, creole afro-portugais de Casamance, casamançais",1,2013-11-21T13:46:28.552762+01:00,True,2013-11-21T13:46:28.552756+01:00,34,1
223,{},Number of speakers,"ca. 10,000 (native), between 20,000 and 50,000 (including 2nd language speakers)",2,2013-11-21T13:46:28.553427+01:00,True,2013-11-21T13:46:28.553423+01:00,34,1
224,{},Major lexifier,Portuguese,3,2013-11-21T13:46:28.554075+01:00,True,2013-11-21T13:46:28.554070+01:00,34,1
225,{},Other contributing languages,"Mandinka (Manding, both substrate and adstrate), Wolof (substrate), Nyun (adstrate)",4,2013-11-21T13:46:28.554714+01:00,True,2013-11-21T13:46:28.554710+01:00,34,1
226,{},Location,Senegalese Province of Lower Casamance (in and around the city of Ziguinchor) and diaspora communities (mostly in Dakar),5,2013-11-21T13:46:28.555361+01:00,True,2013-11-21T13:46:28.555357+01:00,34,1
227,{},Official language of Senegal,French,6,2013-11-21T13:46:28.555911+01:00,True,2013-11-21T13:46:28.555907+01:00,34,1
228,{},Autoglossonyms,"Santome, Lungwa Santome, Fôlô, Dioletu",0,2013-11-21T13:46:28.578846+01:00,True,2013-11-21T13:46:28.578837+01:00,35,1
229,{},Other names,"English: São Tomé Creole, São-Tomense, Santomense Portuguese: Forro, Crioulo Forro, Dialecto, São-Tomense",1,2013-11-21T13:46:28.579649+01:00,True,2013-11-21T13:46:28.579642+01:00,35,1
230,{},Number of speakers,"100,000 (2001)",2,2013-11-21T13:46:28.580478+01:00,True,2013-11-21T13:46:28.580469+01:00,35,1
231,{},Major lexifier,Portuguese,3,2013-11-21T13:46:28.581214+01:00,True,2013-11-21T13:46:28.581206+01:00,35,1
232,{},Other contributing languages,mainly Edo and Kikongo,4,2013-11-21T13:46:28.581923+01:00,True,2013-11-21T13:46:28.581914+01:00,35,1
233,{},Location,"islands of São Tomé and Príncipe, and diaspora (especially Portugal)",5,2013-11-21T13:46:28.582535+01:00,True,2013-11-21T13:46:28.582529+01:00,35,1
234,{},Official language of São Tomé and Príncipe,Portuguese,6,2013-11-21T13:46:28.583118+01:00,True,2013-11-21T13:46:28.583112+01:00,35,1
235,{},Autoglossonym,lunga Ngola,0,2013-11-21T13:46:28.612823+01:00,True,2013-11-21T13:46:28.612812+01:00,36,1
236,{},Other names,"Portuguese: angolar ; Regional Portuguese: angolar, dioletu",1,2013-11-21T13:46:28.613714+01:00,True,2013-11-21T13:46:28.613705+01:00,36,1
237,{},Number of speakers,"about 5,000",2,2013-11-21T13:46:28.615283+01:00,True,2013-11-21T13:46:28.615272+01:00,36,1
238,{},Major lexifier,Portuguese,3,2013-11-21T13:46:28.616189+01:00,True,2013-11-21T13:46:28.616179+01:00,36,1
239,{},Other contributing languages,"Kimbundu, Santome",4,2013-11-21T13:46:28.617159+01:00,True,2013-11-21T13:46:28.617136+01:00,36,1
240,{},Location,São Tomé and diaspora community on Príncipe and in Portugal,5,2013-11-21T13:46:28.618023+01:00,True,2013-11-21T13:46:28.618015+01:00,36,1
241,{},Official language of São Tomé and Príncipe,Portuguese,6,2013-11-21T13:46:28.618925+01:00,True,2013-11-21T13:46:28.618914+01:00,36,1
242,{},Autoglossonyms,"lung’Ie, fôrô",0,2013-11-21T13:46:28.648569+01:00,True,2013-11-21T13:46:28.648557+01:00,37,1
243,{},Other names,"Portuguese: dialeto, dioleto",1,2013-11-21T13:46:28.649445+01:00,True,2013-11-21T13:46:28.649435+01:00,37,1
244,{},Number of speakers,less than 100,2,2013-11-21T13:46:28.650150+01:00,True,2013-11-21T13:46:28.650142+01:00,37,1
245,{},Major lexifier,Portuguese,3,2013-11-21T13:46:28.651048+01:00,True,2013-11-21T13:46:28.651036+01:00,37,1
246,{},Other contributing languages,"Edo, Yoruba, Kikongo",4,2013-11-21T13:46:28.652030+01:00,True,2013-11-21T13:46:28.652019+01:00,37,1
247,{},Location,Príncipe and diaspora communities in São Tomé and Portugal,5,2013-11-21T13:46:28.652835+01:00,True,2013-11-21T13:46:28.652824+01:00,37,1
248,{},Official language of São Tomé and Príncipe,Portuguese,6,2013-11-21T13:46:28.653737+01:00,True,2013-11-21T13:46:28.653726+01:00,37,1
249,{},Autoglossonym,Fa d’Ambô,0,2013-11-21T13:46:28.682578+01:00,True,2013-11-21T13:46:28.682565+01:00,38,1
250,{},Other names,"Spanish: Annobonense English: Annobonese, Fa d’Ambu",1,2013-11-21T13:46:28.683523+01:00,True,2013-11-21T13:46:28.683512+01:00,38,1
251,{},Number of speakers,"ca. 4,500–5,000",2,2013-11-21T13:46:28.684464+01:00,True,2013-11-21T13:46:28.684452+01:00,38,1
252,{},Major lexifier,Portuguese,3,2013-11-21T13:46:28.685338+01:00,True,2013-11-21T13:46:28.685327+01:00,38,1
253,{},Other contributing languages,"Edo, Yoruba, Kikongo",4,2013-11-21T13:46:28.686148+01:00,True,2013-11-21T13:46:28.686137+01:00,38,1
254,{},Location,"Equatorial Guinea, mainly Annobón and Malabo",5,2013-11-21T13:46:28.686877+01:00,True,2013-11-21T13:46:28.686868+01:00,38,1
255,{},Official language of Equatorial Guinea,Spanish,6,2013-11-21T13:46:28.687549+01:00,True,2013-11-21T13:46:28.687541+01:00,38,1
256,{},Autoglossonyms,"purtəgez də diw , lĩg də diw, purtəgez",0,2013-11-21T13:46:28.713746+01:00,True,2013-11-21T13:46:28.713737+01:00,39,1
257,{},Other names,"Portuguese: Norteiro, Português dos Norteiros, Indo-Português",1,2013-11-21T13:46:28.714474+01:00,True,2013-11-21T13:46:28.714465+01:00,39,1
258,{},Number of speakers,c. 180,2,2013-11-21T13:46:28.715268+01:00,True,2013-11-21T13:46:28.715259+01:00,39,1
259,{},Major lexifier,Portuguese,3,2013-11-21T13:46:28.716016+01:00,True,2013-11-21T13:46:28.716013+01:00,39,1
260,{},Other contributing languages,"Gujarati (dominant), English, Hindi, Konkani",4,2013-11-21T13:46:28.716616+01:00,True,2013-11-21T13:46:28.716613+01:00,39,1
261,{},Location,Diu (India),5,2013-11-21T13:46:28.717234+01:00,True,2013-11-21T13:46:28.717231+01:00,39,1
262,{},Main language of Diu,Gujarati,6,2013-11-21T13:46:28.718020+01:00,True,2013-11-21T13:46:28.718009+01:00,39,1
263,{},Autoglossonym,nɔ liŋ,0,2013-11-21T13:46:28.738203+01:00,True,2013-11-21T13:46:28.738191+01:00,40,1
264,{},Other name,Portuguese: o crioulo de Korlai,1,2013-11-21T13:46:28.739236+01:00,True,2013-11-21T13:46:28.739221+01:00,40,1
265,{},Number of speakers,800+,2,2013-11-21T13:46:28.740310+01:00,True,2013-11-21T13:46:28.740297+01:00,40,1
266,{},Major lexifier,Portuguese,3,2013-11-21T13:46:28.741287+01:00,True,2013-11-21T13:46:28.741276+01:00,40,1
267,{},Other contributing language,Marathi,4,2013-11-21T13:46:28.742221+01:00,True,2013-11-21T13:46:28.742211+01:00,40,1
268,{},Location,Korlai village and small enclaves in Mumbai and Bassein,5,2013-11-21T13:46:28.743017+01:00,True,2013-11-21T13:46:28.743007+01:00,40,1
269,{},Official language of Korlai area,Marathi (regional) and Hindi (national),6,2013-11-21T13:46:28.743596+01:00,True,2013-11-21T13:46:28.743589+01:00,40,1
270,{},Autoglossonym,"portugees, purtugees",0,2013-11-21T13:46:28.764276+01:00,True,2013-11-21T13:46:28.764258+01:00,41,1
271,{},Other name,Tamil: parangi paasai (derogatory),1,2013-11-21T13:46:28.765001+01:00,True,2013-11-21T13:46:28.764992+01:00,41,1
272,{},Number of speakers,unknown,2,2013-11-21T13:46:28.765564+01:00,True,2013-11-21T13:46:28.765556+01:00,41,1
273,{},Major lexifier,Portuguese,3,2013-11-21T13:46:28.766204+01:00,True,2013-11-21T13:46:28.766193+01:00,41,1
274,{},Other contributing languages,"Tamil, Sinhala, Dutch, English",4,2013-11-21T13:46:28.766781+01:00,True,2013-11-21T13:46:28.766773+01:00,41,1
275,{},Location,Sri Lanka,5,2013-11-21T13:46:28.767476+01:00,True,2013-11-21T13:46:28.767472+01:00,41,1
276,{},Official languages of Sri Lanka,"Sinhala, Tamil",6,2013-11-21T13:46:28.768125+01:00,True,2013-11-21T13:46:28.768121+01:00,41,1
277,{},Autoglossonyms,"(Papiá) Kristang,",0,2013-11-21T13:46:28.812992+01:00,True,2013-11-21T13:46:28.812980+01:00,42,1
278,{},Other names,"Kristang, Malacca (Creole) Portuguese; Portuguese: Malaqueiro, Malaquenho, Malaquense, Malaquês, dialecto português de Malaca",1,2013-11-21T13:46:28.813970+01:00,True,2013-11-21T13:46:28.813960+01:00,42,1
279,{},Number of speakers,about 800,2,2013-11-21T13:46:28.814915+01:00,True,2013-11-21T13:46:28.814904+01:00,42,1
280,{},Major lexifier,Portuguese,3,2013-11-21T13:46:28.815816+01:00,True,2013-11-21T13:46:28.815806+01:00,42,1
281,{},Other contributing languages,"Malay, Hokkien Chinese",4,2013-11-21T13:46:28.816660+01:00,True,2013-11-21T13:46:28.816649+01:00,42,1
282,{},Location,Malacca and diaspora communities in Kuala Lumpur and Singapore,5,2013-11-21T13:46:28.817344+01:00,True,2013-11-21T13:46:28.817332+01:00,42,1
283,{},Official language of Malaysia,Malay,6,2013-11-21T13:46:28.818246+01:00,True,2013-11-21T13:46:28.818235+01:00,42,1
284,{},Autoglossonym,(unknown),0,2013-11-21T13:46:28.850177+01:00,True,2013-11-21T13:46:28.850169+01:00,43,1
285,{},Number of speakers,(no information; extinct since end of 19th century),1,2013-11-21T13:46:28.850849+01:00,True,2013-11-21T13:46:28.850844+01:00,43,1
286,{},Major lexifier,Portuguese,2,2013-11-21T13:46:28.851421+01:00,True,2013-11-21T13:46:28.851416+01:00,43,1
287,{},Other contributing languages,"Malay, Javanese, Dutch, Indo-Portuguese, South Asian languages",3,2013-11-21T13:46:28.851980+01:00,True,2013-11-21T13:46:28.851975+01:00,43,1
288,{},Location,"Batavia (now Jakarta), Java (now part of Indonesia)",4,2013-11-21T13:46:28.852524+01:00,True,2013-11-21T13:46:28.852519+01:00,43,1
289,{},Autoglossonym,bahra,0,2013-11-21T13:46:28.870735+01:00,True,2013-11-21T13:46:28.870721+01:00,44,1
290,{},Other names,"Spanish: ternateño, chabacano, chavacano",1,2013-11-21T13:46:28.871714+01:00,True,2013-11-21T13:46:28.871704+01:00,44,1
291,{},Number of speakers,"~ 3,000",2,2013-11-21T13:46:28.872531+01:00,True,2013-11-21T13:46:28.872523+01:00,44,1
292,{},Major lexifier,Spanish,3,2013-11-21T13:46:28.873168+01:00,True,2013-11-21T13:46:28.873162+01:00,44,1
293,{},Other contributing languages,Tagalog,4,2013-11-21T13:46:28.873914+01:00,True,2013-11-21T13:46:28.873906+01:00,44,1
294,{},Location,"Ternate, Cavite Province, The Philippines",5,2013-11-21T13:46:28.874585+01:00,True,2013-11-21T13:46:28.874578+01:00,44,1
295,{},Official languages of the Philippines,"Filipino, English",6,2013-11-21T13:46:28.875239+01:00,True,2013-11-21T13:46:28.875231+01:00,44,1
296,{},Autoglossonyms,"Chabacano, Chavacano",0,2013-11-21T13:46:28.903974+01:00,True,2013-11-21T13:46:28.903962+01:00,45,1
297,{},Other names,English: Philippine Creole Spanish Spanish: caviteño,1,2013-11-21T13:46:28.904904+01:00,True,2013-11-21T13:46:28.904895+01:00,45,1
298,{},Number of speakers,"ca. 4,000",2,2013-11-21T13:46:28.905715+01:00,True,2013-11-21T13:46:28.905706+01:00,45,1
299,{},Major lexifier,Spanish,3,2013-11-21T13:46:28.906512+01:00,True,2013-11-21T13:46:28.906504+01:00,45,1
300,{},Other contributing languages,Tagalog,4,2013-11-21T13:46:28.907200+01:00,True,2013-11-21T13:46:28.907192+01:00,45,1
301,{},Location,"Cavite City, Cavite Province, the Philippines",5,2013-11-21T13:46:28.907899+01:00,True,2013-11-21T13:46:28.907891+01:00,45,1
302,{},Official languages of the Philippines,"Filipino, English",6,2013-11-21T13:46:28.908533+01:00,True,2013-11-21T13:46:28.908524+01:00,45,1
303,{},Autoglossonyms,"Chabacano, Chavacano, Chabakano",0,2013-11-21T13:46:28.934213+01:00,True,2013-11-21T13:46:28.934201+01:00,46,1
304,{},Other names,"Spanish: Zamboangueño, Chabacano de Zamboanga, español quebrao (‘broken Spanish’) English: Southern Mindanao Creole",1,2013-11-21T13:46:28.935099+01:00,True,2013-11-21T13:46:28.935091+01:00,46,1
305,{},Number of speakers,"ca. 300,000",2,2013-11-21T13:46:28.935903+01:00,True,2013-11-21T13:46:28.935894+01:00,46,1
306,{},Major lexifier,Spanish,3,2013-11-21T13:46:28.936671+01:00,True,2013-11-21T13:46:28.936663+01:00,46,1
307,{},Other contributing languages,"Cebuano, Hiligaynon, Tagalog, English, Hokkien Chinese, Portuguese (marginal)",4,2013-11-21T13:46:28.937439+01:00,True,2013-11-21T13:46:28.937431+01:00,46,1
308,{},Location,"Philippines (Mindanao), Malaysia (Borneo)",5,2013-11-21T13:46:28.938202+01:00,True,2013-11-21T13:46:28.938194+01:00,46,1
309,{},Official languages of the Philippines,"Tagalog (Pilipino), English; “optional languages”are Arabic and Spanish); officially recognized languages of the area are Cebuano and Hiligaynon",6,2013-11-21T13:46:28.938953+01:00,True,2013-11-21T13:46:28.938946+01:00,46,1
310,{},Autoglossonym,"Papiamentu (Curaçao and Bonaire), Papiamento (Aruba)",0,2013-11-21T13:46:28.965668+01:00,True,2013-11-21T13:46:28.965656+01:00,47,1
311,{},Number of speakers,"c. 300,000",1,2013-11-21T13:46:28.966716+01:00,True,2013-11-21T13:46:28.966705+01:00,47,1
312,{},Major lexifiers,"(Afro)Portuguese, Spanish, Dutch",2,2013-11-21T13:46:28.967559+01:00,True,2013-11-21T13:46:28.967548+01:00,47,1
313,{},Other contributing languages,"English, French",3,2013-11-21T13:46:28.968495+01:00,True,2013-11-21T13:46:28.968484+01:00,47,1
314,{},Location,"Aruba, Bonaire, Curaçao (former leeward islands of the Netherlands Antilles), diaspora communities in Sint Maarten, the Netherlands, Belgium, the USA, and elsewhere",4,2013-11-21T13:46:28.969298+01:00,True,2013-11-21T13:46:28.969287+01:00,47,1
315,{},"Official languages of Curaçao, Bonaire, and Aruba","Dutch, Papiamentu",5,2013-11-21T13:46:28.970092+01:00,True,2013-11-21T13:46:28.970081+01:00,47,1
316,{},Autoglossonym,Lengua,0,2013-11-21T13:46:28.997146+01:00,True,2013-11-21T13:46:28.997133+01:00,48,1
317,{},Other name,Spanish: Palenquero,1,2013-11-21T13:46:28.997831+01:00,True,2013-11-21T13:46:28.997822+01:00,48,1
318,{},Number of speakers,"2,000 (?) full knowledge 4,000 (?) passive knowledge only (comprehension)",2,2013-11-21T13:46:28.998440+01:00,True,2013-11-21T13:46:28.998431+01:00,48,1
319,{},Major lexifier,Spanish,3,2013-11-21T13:46:28.999037+01:00,True,2013-11-21T13:46:28.999029+01:00,48,1
320,{},Other contributing languages (substrate),"Kikongo, and possibly also other Bantu languages. To date, substrate influence from West African (rather than Central West African) languages has not been shown.",4,2013-11-21T13:46:28.999592+01:00,True,2013-11-21T13:46:28.999584+01:00,48,1
321,{},Location,Colombia,5,2013-11-21T13:46:29.001759+01:00,True,2013-11-21T13:46:29.001749+01:00,48,1
322,{},Official languages of Colombia,Spanish,6,2013-11-21T13:46:29.002697+01:00,True,2013-11-21T13:46:29.002686+01:00,48,1
323,{},Autoglossonym,kreyòl,0,2013-11-21T13:46:29.022509+01:00,True,2013-11-21T13:46:29.022496+01:00,49,1
324,{},Other name,French: créole haïtien,1,2013-11-21T13:46:29.023350+01:00,True,2013-11-21T13:46:29.023338+01:00,49,1
325,{},Number of speakers,"ca. 11,000,000",2,2013-11-21T13:46:29.024174+01:00,True,2013-11-21T13:46:29.024163+01:00,49,1
326,{},Major lexifier,French,3,2013-11-21T13:46:29.024960+01:00,True,2013-11-21T13:46:29.024950+01:00,49,1
327,{},Other contributing languages,"languages from the Kwa group of West Africa, Bantu languages of Central Africa, Spanish, English, Amerindian languages (e.g. Arawak-Taíno, Tupi)",4,2013-11-21T13:46:29.025746+01:00,True,2013-11-21T13:46:29.025735+01:00,49,1
328,{},Location,"Haiti and diaspora in USA, Canada, Dominican Republic, France",5,2013-11-21T13:46:29.026522+01:00,True,2013-11-21T13:46:29.026510+01:00,49,1
329,{},Official languages of Haiti,"Haitian Creole, French",6,2013-11-21T13:46:29.027293+01:00,True,2013-11-21T13:46:29.027283+01:00,49,1
330,{},Autoglossonym,kréyòl Gwadloup,0,2013-11-21T13:46:29.048805+01:00,True,2013-11-21T13:46:29.048801+01:00,50,1
331,{},Other name,French: créole guadeloupéen,1,2013-11-21T13:46:29.049330+01:00,True,2013-11-21T13:46:29.049326+01:00,50,1
332,{},Number of speakers,"600,000",2,2013-11-21T13:46:29.049813+01:00,True,2013-11-21T13:46:29.049810+01:00,50,1
333,{},Major lexifier,French,3,2013-11-21T13:46:29.050304+01:00,True,2013-11-21T13:46:29.050301+01:00,50,1
334,{},Other contributing languages,"English, Spanish, Latin, West African languages, Cariban, Tamil",4,2013-11-21T13:46:29.050845+01:00,True,2013-11-21T13:46:29.050842+01:00,50,1
335,{},Location,"Guadeloupean archipelago (Guadeloupe, Marie-Galante, les Saintes, la Désirade), Saint Martin, Saint Barthélemy, diaspora communities in France, French Guiana, Montreal, Panama",5,2013-11-21T13:46:29.051392+01:00,True,2013-11-21T13:46:29.051389+01:00,50,1
336,{},Official language of Guadeloupe,French,6,2013-11-21T13:46:29.052016+01:00,True,2013-11-21T13:46:29.052011+01:00,50,1
337,{},Autoglossonym,kréyol Matinik,0,2013-11-21T13:46:29.074047+01:00,True,2013-11-21T13:46:29.074043+01:00,51,1
338,{},Other name,French: créole martiniquais,1,2013-11-21T13:46:29.074718+01:00,True,2013-11-21T13:46:29.074714+01:00,51,1
339,{},Number of speakers,"600,000",2,2013-11-21T13:46:29.075350+01:00,True,2013-11-21T13:46:29.075347+01:00,51,1
340,{},Major lexifier,French,3,2013-11-21T13:46:29.076034+01:00,True,2013-11-21T13:46:29.076030+01:00,51,1
341,{},Other contributing languages,"English, Spanish, Latin, West African languages, Cariban, Tamil",4,2013-11-21T13:46:29.076582+01:00,True,2013-11-21T13:46:29.076578+01:00,51,1
342,{},Location,"Martinique, diaspora communities in France, French Guiana, Montreal, Panama",5,2013-11-21T13:46:29.077195+01:00,True,2013-11-21T13:46:29.077190+01:00,51,1
343,{},Official language of Martinique,French,6,2013-11-21T13:46:29.077729+01:00,True,2013-11-21T13:46:29.077725+01:00,51,1
344,{},Autoglossonyms,"guyanais, kréyòl, créole",0,2013-11-21T13:46:29.093608+01:00,True,2013-11-21T13:46:29.093598+01:00,52,1
345,{},Other names,English: French Guianese Creole French: créole guyanais,1,2013-11-21T13:46:29.094560+01:00,True,2013-11-21T13:46:29.094547+01:00,52,1
346,{},Number of speakers,"64,000 (estimated)",2,2013-11-21T13:46:29.095367+01:00,True,2013-11-21T13:46:29.095358+01:00,52,1
347,{},Major lexifier,French,3,2013-11-21T13:46:29.096096+01:00,True,2013-11-21T13:46:29.096088+01:00,52,1
348,{},Other contributing languages,"Gbe, Arawak, Portuguese",4,2013-11-21T13:46:29.096771+01:00,True,2013-11-21T13:46:29.096763+01:00,52,1
349,{},Location,"French Guiana, Brazil",5,2013-11-21T13:46:29.097495+01:00,True,2013-11-21T13:46:29.097489+01:00,52,1
350,{},Official language of French Guiana: Official language of Brazil,French Portuguese,6,2013-11-21T13:46:29.098111+01:00,True,2013-11-21T13:46:29.098105+01:00,52,1
351,{},Autoglossonyms,"kreyòl, franse",0,2013-11-21T13:46:29.120493+01:00,True,2013-11-21T13:46:29.120488+01:00,53,1
352,{},Number of speakers,"fewer than 10,000",1,2013-11-21T13:46:29.121148+01:00,True,2013-11-21T13:46:29.121145+01:00,53,1
353,{},Major lexifier,French,2,2013-11-21T13:46:29.121737+01:00,True,2013-11-21T13:46:29.121735+01:00,53,1
354,{},Other contributing languages,"English, Spanish, Algonquian, West African languages",3,2013-11-21T13:46:29.122317+01:00,True,2013-11-21T13:46:29.122314+01:00,53,1
355,{},Location,Louisiana (United States),4,2013-11-21T13:46:29.122895+01:00,True,2013-11-21T13:46:29.122893+01:00,53,1
356,{},Official language of Louisiana,de facto English,5,2013-11-21T13:46:29.123527+01:00,True,2013-11-21T13:46:29.123523+01:00,53,1
357,{},Autoglossonyms,"kreol renyone, kreol reyon, reyone",0,2013-11-21T13:46:29.149893+01:00,True,2013-11-21T13:46:29.149881+01:00,54,1
358,{},Other name,French: créole réunionnais,1,2013-11-21T13:46:29.150717+01:00,True,2013-11-21T13:46:29.150705+01:00,54,1
359,{},Number of speakers,"800,000",2,2013-11-21T13:46:29.151478+01:00,True,2013-11-21T13:46:29.151472+01:00,54,1
360,{},Major lexifier,French,3,2013-11-21T13:46:29.152045+01:00,True,2013-11-21T13:46:29.152040+01:00,54,1
361,{},Other contributing languages,"Malagasy, Indo-Portuguese",4,2013-11-21T13:46:29.152739+01:00,True,2013-11-21T13:46:29.152733+01:00,54,1
362,{},Location,"Reunion Island, Indian Ocean; diaspora in France",5,2013-11-21T13:46:29.153433+01:00,True,2013-11-21T13:46:29.153427+01:00,54,1
363,{},Official languageof Reunion,French,6,2013-11-21T13:46:29.154111+01:00,True,2013-11-21T13:46:29.154106+01:00,54,1
364,{},Number of speakers,"more than 1,300,000",0,2013-11-21T13:46:29.177084+01:00,True,2013-11-21T13:46:29.177072+01:00,55,1
365,{},Major lexifier,French,1,2013-11-21T13:46:29.178044+01:00,True,2013-11-21T13:46:29.178033+01:00,55,1
366,{},Other contributing languages,"(in chronological order:) Malagasy, Tamil, Wolof, Mandinka, various Bantu languages of East Africa, Bhojpuri, English",2,2013-11-21T13:46:29.178950+01:00,True,2013-11-21T13:46:29.178939+01:00,55,1
367,{},Location,Mauritius in the western Indian Ocean,3,2013-11-21T13:46:29.179757+01:00,True,2013-11-21T13:46:29.179748+01:00,55,1
368,{},Official language of Mauritius,English,4,2013-11-21T13:46:29.180543+01:00,True,2013-11-21T13:46:29.180535+01:00,55,1
369,{},Autoglossonym,kreol (seselwa),0,2013-11-21T13:46:29.212979+01:00,True,2013-11-21T13:46:29.212966+01:00,56,1
370,{},Other name,French: créole seychellois,1,2013-11-21T13:46:29.213706+01:00,True,2013-11-21T13:46:29.213697+01:00,56,1
371,{},Number of speakers,"ca. 100,000",2,2013-11-21T13:46:29.214350+01:00,True,2013-11-21T13:46:29.214341+01:00,56,1
372,{},Major lexifier,French,3,2013-11-21T13:46:29.214930+01:00,True,2013-11-21T13:46:29.214921+01:00,56,1
373,{},Other contributing languages,"varieties of Mauritian Creole, eastern Bantu languages, Malagasy, English, Tamil",4,2013-11-21T13:46:29.215574+01:00,True,2013-11-21T13:46:29.215571+01:00,56,1
374,{},Location,"Seychelles and diaspora communities in Kenya, United Kingdom, Australia, New Zealand",5,2013-11-21T13:46:29.216154+01:00,True,2013-11-21T13:46:29.216143+01:00,56,1
375,{},Official languages of the Seychelles,"Seychelles Creole, English, French",6,2013-11-21T13:46:29.216819+01:00,True,2013-11-21T13:46:29.216808+01:00,56,1
376,{},Autoglossonyms,"Tayo , Patois (de St Louis)",0,2013-11-21T13:46:29.242480+01:00,True,2013-11-21T13:46:29.242474+01:00,57,1
377,{},Number of speakers,"about 3,000",1,2013-11-21T13:46:29.243100+01:00,True,2013-11-21T13:46:29.243097+01:00,57,1
378,{},Major lexifier,French,2,2013-11-21T13:46:29.243661+01:00,True,2013-11-21T13:46:29.243658+01:00,57,1
379,{},Other contributing languages,"Nyelâyu, Caawàc, Cèmuhî, Drubéa, Numèè",3,2013-11-21T13:46:29.244297+01:00,True,2013-11-21T13:46:29.244294+01:00,57,1
380,{},Location,Saint-Louis (New Caledonia),4,2013-11-21T13:46:29.244928+01:00,True,2013-11-21T13:46:29.244925+01:00,57,1
381,{},Official language of  New Caledonia,"French, to some extent Melanesian languages are used at school",5,2013-11-21T13:46:29.245568+01:00,True,2013-11-21T13:46:29.245564+01:00,57,1
382,{},Autoglossonyms,"Kituba , Kileta , etc. (see Survey chapter §2)",0,2013-11-21T13:46:29.263457+01:00,True,2013-11-21T13:46:29.263448+01:00,58,1
383,{},Number of speakers,about 6–8 million,1,2013-11-21T13:46:29.264297+01:00,True,2013-11-21T13:46:29.264289+01:00,58,1
384,{},Major lexifier,Kikongo-Kimanyanga (Bantu),2,2013-11-21T13:46:29.264946+01:00,True,2013-11-21T13:46:29.264939+01:00,58,1
385,{},Other contributing languages,"Kiteke, Bobangi, Kiyansi, Gimbala, Kimpende, Kiyaka, Kisuku, Kihungan, among many other Bantu languages of groups H and B",3,2013-11-21T13:46:29.265557+01:00,True,2013-11-21T13:46:29.265550+01:00,58,1
386,{},Location,"southern Republic of Congo, southwestern Democratic Republic of Congo, northern Angola",4,2013-11-21T13:46:29.266192+01:00,True,2013-11-21T13:46:29.266185+01:00,58,1
387,{},Autoglossonym,Sango,0,2013-11-21T13:46:29.289274+01:00,True,2013-11-21T13:46:29.289261+01:00,59,1
388,{},Other name,French: sango standard,1,2013-11-21T13:46:29.290056+01:00,True,2013-11-21T13:46:29.290048+01:00,59,1
389,{},Number of speakers,"2,500,000",2,2013-11-21T13:46:29.290772+01:00,True,2013-11-21T13:46:29.290764+01:00,59,1
390,{},Major lexifier,Ngbandi,3,2013-11-21T13:46:29.291465+01:00,True,2013-11-21T13:46:29.291457+01:00,59,1
391,{},Other contributing languages,French,4,2013-11-21T13:46:29.292190+01:00,True,2013-11-21T13:46:29.292182+01:00,59,1
392,{},Location,Central African Republic,5,2013-11-21T13:46:29.292961+01:00,True,2013-11-21T13:46:29.292953+01:00,59,1
393,{},Official languages of the Central African Republic,French and Sango,6,2013-11-21T13:46:29.293706+01:00,True,2013-11-21T13:46:29.293698+01:00,59,1
394,{},Autoglossonym,Lingala,0,2013-11-21T13:46:29.330285+01:00,True,2013-11-21T13:46:29.330273+01:00,60,1
395,{},Number of speakers,"15 million native speakers, 10 million lingua franca users",1,2013-11-21T13:46:29.331201+01:00,True,2013-11-21T13:46:29.331190+01:00,60,1
396,{},Major lexifier,Bobangi (Bantu),2,2013-11-21T13:46:29.332137+01:00,True,2013-11-21T13:46:29.332126+01:00,60,1
397,{},Other contributing languages,"- West African pidgins, creoles, and ethnic languages - Northwestern Congolese languages such as Iboko, Libinza, Mabale, Boloki, Losengo, and others - Kikongo, Kiswahili, French",3,2013-11-21T13:46:29.332958+01:00,True,2013-11-21T13:46:29.332950+01:00,60,1
398,{},Location,"West-Central Africa, West-Central African diaspora",4,2013-11-21T13:46:29.333851+01:00,True,2013-11-21T13:46:29.333840+01:00,60,1
399,{},Official language of the Democratic Republic of the Congo,French,5,2013-11-21T13:46:29.334757+01:00,True,2013-11-21T13:46:29.334747+01:00,60,1
400,{},National languages of the Democratic Republic of the Congo,"Kikongo, Lingala, Kiswahili, and Ciluba",6,2013-11-21T13:46:29.335591+01:00,True,2013-11-21T13:46:29.335581+01:00,60,1
401,{},Other names,"Fanagalo, Chilapalapa",0,2013-11-21T13:46:29.362980+01:00,True,2013-11-21T13:46:29.362969+01:00,61,1
402,{},Number of speakers,"probably 3 million or so, but now declining",1,2013-11-21T13:46:29.363963+01:00,True,2013-11-21T13:46:29.363953+01:00,61,1
403,{},Major lexifier,Zulu,2,2013-11-21T13:46:29.364868+01:00,True,2013-11-21T13:46:29.364857+01:00,61,1
404,{},Other contributing languages,"Afrikaans, English",3,2013-11-21T13:46:29.365762+01:00,True,2013-11-21T13:46:29.365748+01:00,61,1
405,{},Location,"South Africa, also neighbouring countries",4,2013-11-21T13:46:29.366596+01:00,True,2013-11-21T13:46:29.366588+01:00,61,1
406,{},Official languages of South Africa,"Afrikaans , English , Ndebele , Northern Sotho , Sotho , Swazi , Tswana , Tsonga , Venda , Xhosa , and Zulu",5,2013-11-21T13:46:29.367367+01:00,True,2013-11-21T13:46:29.367359+01:00,61,1
407,{},Autoglossonym,"(Inner) Ma’á, Inner Mbugu",0,2013-11-21T13:46:29.400574+01:00,True,2013-11-21T13:46:29.400562+01:00,62,1
408,{},Other name,Mbugu,1,2013-11-21T13:46:29.401582+01:00,True,2013-11-21T13:46:29.401571+01:00,62,1
409,{},Number of speakers,"7,000",2,2013-11-21T13:46:29.402681+01:00,True,2013-11-21T13:46:29.402670+01:00,62,1
410,{},Major lexifiers,"Southern Cushitic, Eastern Cushitic, Maasai",3,2013-11-21T13:46:29.403491+01:00,True,2013-11-21T13:46:29.403476+01:00,62,1
411,{},Other contributing languages,"Shambaa, Pare",4,2013-11-21T13:46:29.404316+01:00,True,2013-11-21T13:46:29.404308+01:00,62,1
412,{},Location,"Usambara Mountains, Tanzania",5,2013-11-21T13:46:29.405080+01:00,True,2013-11-21T13:46:29.405069+01:00,62,1
413,{},Official languages of Tanzania,"Swahili, English",6,2013-11-21T13:46:29.405859+01:00,True,2013-11-21T13:46:29.405848+01:00,62,1
414,{},Autoglossonyms,"Kinúbi, Rután núbi",0,2013-11-21T13:46:29.434756+01:00,True,2013-11-21T13:46:29.434751+01:00,63,1
415,{},Number of speakers,unknown,1,2013-11-21T13:46:29.435435+01:00,True,2013-11-21T13:46:29.435432+01:00,63,1
416,{},Major lexifier,Sudanese Arabic,2,2013-11-21T13:46:29.436069+01:00,True,2013-11-21T13:46:29.436066+01:00,63,1
417,{},Other contributing languages,"Egyptian Arabic; Swahili, English (contemporary prestige languages)",3,2013-11-21T13:46:29.436613+01:00,True,2013-11-21T13:46:29.436610+01:00,63,1
418,{},Location,Uganda and Kenya; communities in DR Congo and South Sudan; formerly spoken in Somalia and Tanzania,4,2013-11-21T13:46:29.437141+01:00,True,2013-11-21T13:46:29.437138+01:00,63,1
419,{},Official languages of Kenya and Uganda,English and Swahili,5,2013-11-21T13:46:29.437612+01:00,True,2013-11-21T13:46:29.437609+01:00,63,1
420,{},Autoglossonym,arabi juba,0,2013-11-21T13:46:29.458518+01:00,True,2013-11-21T13:46:29.458509+01:00,64,1
421,{},Other names,ʕarabi juba (Sudanese Arabic) Juba Arabic (English),1,2013-11-21T13:46:29.459251+01:00,True,2013-11-21T13:46:29.459245+01:00,64,1
422,{},Number of speakers,unknown,2,2013-11-21T13:46:29.459952+01:00,True,2013-11-21T13:46:29.459944+01:00,64,1
423,{},Major lexifier,Sudanese Arabic,3,2013-11-21T13:46:29.460659+01:00,True,2013-11-21T13:46:29.460651+01:00,64,1
424,{},Other contributing languages,"Egyptian Arabic, Bari, Pojulu, Dinka, Shilluk",4,2013-11-21T13:46:29.461535+01:00,True,2013-11-21T13:46:29.461524+01:00,64,1
425,{},Location,"South Sudan and diaspora communities in Sudan, Egypt, Britain, United States, Canada and Australia",5,2013-11-21T13:46:29.462439+01:00,True,2013-11-21T13:46:29.462428+01:00,64,1
426,{},Official language of South Sudan,"English (since 2005, earlier Arabic)",6,2013-11-21T13:46:29.463347+01:00,True,2013-11-21T13:46:29.463336+01:00,64,1
427,{},Autoglossonym,"lomanəj jazyk, lomanəj ruskij",0,2013-11-21T13:46:29.491767+01:00,True,2013-11-21T13:46:29.491755+01:00,65,1
428,{},Other names,"Russian-Chinese language, Kyahta language, Maimachin dialect",1,2013-11-21T13:46:29.492741+01:00,True,2013-11-21T13:46:29.492730+01:00,65,1
429,{},Number of speakers,full speakers: none; semi-speakers: 50,2,2013-11-21T13:46:29.493655+01:00,True,2013-11-21T13:46:29.493644+01:00,65,1
430,{},Major lexifier,Russian,3,2013-11-21T13:46:29.494486+01:00,True,2013-11-21T13:46:29.494478+01:00,65,1
431,{},Other contributing languages,"Chinese, Mongolian, Tungusic languages",4,2013-11-21T13:46:29.495286+01:00,True,2013-11-21T13:46:29.495278+01:00,65,1
432,{},Location,"southern Siberia, Russian Far East (Russia), Manchuria (China)",5,2013-11-21T13:46:29.496005+01:00,True,2013-11-21T13:46:29.495997+01:00,65,1
433,{},Official language of Russian Federation,Russian,6,2013-11-21T13:46:29.496764+01:00,True,2013-11-21T13:46:29.496753+01:00,65,1
434,{},Official language of China,Mandarin Chinese,7,2013-11-21T13:46:29.497522+01:00,True,2013-11-21T13:46:29.497515+01:00,65,1
435,{},Autoglossonyms,"Melayu, Sri Lanka pe Melayu, Java",0,2013-11-21T13:46:29.519175+01:00,True,2013-11-21T13:46:29.519162+01:00,66,1
436,{},Other names,English: Sri Lanka Malay Sinhala: Ja basawa Tamil: Java mozhi,1,2013-11-21T13:46:29.520224+01:00,True,2013-11-21T13:46:29.520213+01:00,66,1
437,{},Number of speakers,"30,000–40,000",2,2013-11-21T13:46:29.521130+01:00,True,2013-11-21T13:46:29.521119+01:00,66,1
438,{},Major lexifier,Malay,3,2013-11-21T13:46:29.522033+01:00,True,2013-11-21T13:46:29.522022+01:00,66,1
439,{},Other contributing languages,"Shonam (Sri Lanka Muslim Tamil), Sinhala",4,2013-11-21T13:46:29.522933+01:00,True,2013-11-21T13:46:29.522922+01:00,66,1
440,{},Location,Sri Lanka,5,2013-11-21T13:46:29.523866+01:00,True,2013-11-21T13:46:29.523855+01:00,66,1
441,{},Official languages of Sri Lanka,"Sinhala, Tamil",6,2013-11-21T13:46:29.524671+01:00,True,2013-11-21T13:46:29.524662+01:00,66,1
442,{},Autoglossonym,Pasar Malay,0,2013-11-21T13:46:29.546061+01:00,True,2013-11-21T13:46:29.546056+01:00,67,1
443,{},Other name,Market Malay,1,2013-11-21T13:46:29.546689+01:00,True,2013-11-21T13:46:29.546685+01:00,67,1
444,{},Number of speakers,"less than 10,000",2,2013-11-21T13:46:29.547216+01:00,True,2013-11-21T13:46:29.547212+01:00,67,1
445,{},Major lexifier,Malay,3,2013-11-21T13:46:29.547730+01:00,True,2013-11-21T13:46:29.547726+01:00,67,1
446,{},Other contributing languages,"Hokkien, Tamil",4,2013-11-21T13:46:29.548273+01:00,True,2013-11-21T13:46:29.548269+01:00,67,1
447,{},Location,Singapore,5,2013-11-21T13:46:29.548779+01:00,True,2013-11-21T13:46:29.548775+01:00,67,1
448,{},Official languages of Singapore,"English, Malay, Mandarin, and Tamil",6,2013-11-21T13:46:29.549278+01:00,True,2013-11-21T13:46:29.549274+01:00,67,1
449,{},Autoglossonym,Malayu Ambong,0,2013-11-21T13:46:29.580003+01:00,True,2013-11-21T13:46:29.579991+01:00,68,1
450,{},Other names,"Indonesian: Bahasa Melayu Ambon; English: Ambon Malay, Ambonese Malay",1,2013-11-21T13:46:29.580968+01:00,True,2013-11-21T13:46:29.580958+01:00,68,1
451,{},Number of speakers,"up to 1,000,000 speakers, including ±200,000 native speakers",2,2013-11-21T13:46:29.581794+01:00,True,2013-11-21T13:46:29.581783+01:00,68,1
452,{},Major lexifier,Vehicular Malay,3,2013-11-21T13:46:29.582713+01:00,True,2013-11-21T13:46:29.582702+01:00,68,1
453,{},Other contributing languages,"Portuguese, Dutch, vernacular languages of the Moluccas",4,2013-11-21T13:46:29.583438+01:00,True,2013-11-21T13:46:29.583434+01:00,68,1
454,{},Location,central and southern Moluccas Islands,5,2013-11-21T13:46:29.584292+01:00,True,2013-11-21T13:46:29.584281+01:00,68,1
455,{},Official language of Indonesia,Indonesian (Bahasa Indonesia),6,2013-11-21T13:46:29.585160+01:00,True,2013-11-21T13:46:29.585148+01:00,68,1
456,{},Autoglossonym,karəm taŋgwapasambi malakək ‘turned talk’,0,2013-11-21T13:46:29.611769+01:00,True,2013-11-21T13:46:29.611757+01:00,69,1
457,{},Other name,Tok Pisin: tainim tok,1,2013-11-21T13:46:29.612658+01:00,True,2013-11-21T13:46:29.612649+01:00,69,1
458,{},Number of speakers,"< 5, very moribund, probably already extinct",2,2013-11-21T13:46:29.613450+01:00,True,2013-11-21T13:46:29.613441+01:00,69,1
459,{},Major lexifier,Yimas,3,2013-11-21T13:46:29.614333+01:00,True,2013-11-21T13:46:29.614322+01:00,69,1
460,{},Other contributing language,Arafundi,4,2013-11-21T13:46:29.614921+01:00,True,2013-11-21T13:46:29.614910+01:00,69,1
461,{},Location,"Arafundi River, East Sepik Province, Papua New Guinea",5,2013-11-21T13:46:29.615750+01:00,True,2013-11-21T13:46:29.615742+01:00,69,1
462,{},Official languages of Papua New Guinea,"English, Tok Pisin",6,2013-11-21T13:46:29.616350+01:00,True,2013-11-21T13:46:29.616346+01:00,69,1
463,{},Number of speakers,unknown,0,2013-11-21T13:46:29.643723+01:00,True,2013-11-21T13:46:29.643712+01:00,70,1
464,{},Major lexifier,Fiji Hindi,1,2013-11-21T13:46:29.644673+01:00,True,2013-11-21T13:46:29.644661+01:00,70,1
465,{},Other contributing languages,"Fijian, English",2,2013-11-21T13:46:29.645599+01:00,True,2013-11-21T13:46:29.645588+01:00,70,1
466,{},Location,Fiji,3,2013-11-21T13:46:29.646435+01:00,True,2013-11-21T13:46:29.646427+01:00,70,1
467,{},Official languages of Fiji,"English, Fijian, Hindustani",4,2013-11-21T13:46:29.647221+01:00,True,2013-11-21T13:46:29.647213+01:00,70,1
468,{},Autoglossonym,‘Ōlelo pa‘i ‘ai,0,2013-11-21T13:46:29.671785+01:00,True,2013-11-21T13:46:29.671772+01:00,71,1
469,{},Number of speakers,none (extinct),1,2013-11-21T13:46:29.672733+01:00,True,2013-11-21T13:46:29.672723+01:00,71,1
470,{},Major lexifier,Hawaiian (Austronesian family),2,2013-11-21T13:46:29.673640+01:00,True,2013-11-21T13:46:29.673629+01:00,71,1
471,{},Other contributing languages,"English, Cantonese, Hakka, Portuguese",3,2013-11-21T13:46:29.674480+01:00,True,2013-11-21T13:46:29.674469+01:00,71,1
472,{},Location,Hawaiian Islands,4,2013-11-21T13:46:29.675443+01:00,True,2013-11-21T13:46:29.675432+01:00,71,1
473,{},Official languages of Hawai‘i,"Hawaiian, English",5,2013-11-21T13:46:29.676353+01:00,True,2013-11-21T13:46:29.676342+01:00,71,1
474,{},Autoglossonyms,"Gurindji , miksimap",0,2013-11-21T13:46:29.699199+01:00,True,2013-11-21T13:46:29.699185+01:00,72,1
475,{},Number of speakers,"1,000",1,2013-11-21T13:46:29.700248+01:00,True,2013-11-21T13:46:29.700231+01:00,72,1
476,{},Major lexifiers,"Gurindji, Kriol",2,2013-11-21T13:46:29.701119+01:00,True,2013-11-21T13:46:29.701109+01:00,72,1
477,{},Other contributing language,English,3,2013-11-21T13:46:29.702021+01:00,True,2013-11-21T13:46:29.702010+01:00,72,1
478,{},Location,Victoria River District in northern Australia,4,2013-11-21T13:46:29.702962+01:00,True,2013-11-21T13:46:29.702951+01:00,72,1
479,{},Official language of Australia,English,5,2013-11-21T13:46:29.703877+01:00,True,2013-11-21T13:46:29.703866+01:00,72,1
480,{},Autoglossonyms,"Chaupi Lengua, Catalangu, Utilla Ingiru, Quechuañol",0,2013-11-21T13:46:29.729271+01:00,True,2013-11-21T13:46:29.729259+01:00,73,1
481,{},Number of speakers,unknown ca. 200 in Cotopaxi province pockets of speakers of other varieties,1,2013-11-21T13:46:29.729949+01:00,True,2013-11-21T13:46:29.729940+01:00,73,1
482,{},Major lexifier,Spanish,2,2013-11-21T13:46:29.730551+01:00,True,2013-11-21T13:46:29.730542+01:00,73,1
483,{},Other contributing language,Quechua,3,2013-11-21T13:46:29.731239+01:00,True,2013-11-21T13:46:29.731228+01:00,73,1
484,{},Location,Cotopaxi and Imbabura throughout the Ecuadorian highlands,4,2013-11-21T13:46:29.731935+01:00,True,2013-11-21T13:46:29.731924+01:00,73,1
485,{},Official languages spoken in Ecuador,"Spanish, Quichua",5,2013-11-21T13:46:29.732628+01:00,True,2013-11-21T13:46:29.732617+01:00,73,1
486,{},Autoglossonym,( činúk ) wáwa (no Chinookan name for it seems to have been recorded),0,2013-11-21T13:46:29.753786+01:00,True,2013-11-21T13:46:29.753781+01:00,74,1
487,{},Other names,"Chinook Jargon, Jargon, Chinook Pidgin",1,2013-11-21T13:46:29.754156+01:00,True,2013-11-21T13:46:29.754153+01:00,74,1
488,{},Number of speakers,1 native speaker of Grand Ronde variety (2009); maybe 1000 people with L2 knowledge (via oral or written means),2,2013-11-21T13:46:29.754469+01:00,True,2013-11-21T13:46:29.754465+01:00,74,1
489,{},Major lexifier,Coastal Chinook,3,2013-11-21T13:46:29.754780+01:00,True,2013-11-21T13:46:29.754777+01:00,74,1
490,{},Other contributing languages,"English, Nuuchahnulth, French",4,2013-11-21T13:46:29.755085+01:00,True,2013-11-21T13:46:29.755082+01:00,74,1
491,{},Location,Western Coastal Canada and US from SE Alaska to far northern California,5,2013-11-21T13:46:29.755383+01:00,True,2013-11-21T13:46:29.755380+01:00,74,1
492,{},Official language of the USA: Canada,"English (de facto) English, French",6,2013-11-21T13:46:29.755648+01:00,True,2013-11-21T13:46:29.755645+01:00,74,1
493,{},Autoglossonyms,"Michif, (aan) krii",0,2013-11-21T13:46:29.779235+01:00,True,2013-11-21T13:46:29.779223+01:00,75,1
494,{},Other names,"Mitchif, Métchif, Mitif, Cree, Turtle Mountain Chippewa Cree",1,2013-11-21T13:46:29.779965+01:00,True,2013-11-21T13:46:29.779956+01:00,75,1
495,{},Number of speakers,"200–2,000",2,2013-11-21T13:46:29.780576+01:00,True,2013-11-21T13:46:29.780567+01:00,75,1
496,{},Major lexifiers,French and Plains Cree,3,2013-11-21T13:46:29.781130+01:00,True,2013-11-21T13:46:29.781122+01:00,75,1
497,{},Other contributing languages,"Saulteaux (Ojibwe), English, Assiniboine",4,2013-11-21T13:46:29.781655+01:00,True,2013-11-21T13:46:29.781648+01:00,75,1
498,{},Location,"Western Canada (Manitoba and Saskatchewan) and adjacent areas in the United States (North Dakota, Montana)",5,2013-11-21T13:46:29.782297+01:00,True,2013-11-21T13:46:29.782289+01:00,75,1
499,{},Official languages of Canada and United States,English and French,6,2013-11-21T13:46:29.783019+01:00,True,2013-11-21T13:46:29.783008+01:00,75,1
500,{},Autoglossonym,unknown,0,2013-11-21T13:46:29.810050+01:00,True,2013-11-21T13:46:29.810039+01:00,76,1
501,{},Other names,"English: (in general) Eskimo Pidgin; (depending on region) Herschel Island Trade Jargon, Whaler, Køkkengrønlandsk, etc.",1,2013-11-21T13:46:29.810826+01:00,True,2013-11-21T13:46:29.810815+01:00,76,1
502,{},Number of speakers,unknown,2,2013-11-21T13:46:29.811500+01:00,True,2013-11-21T13:46:29.811490+01:00,76,1
503,{},Major lexifier (depending on region),"different Eskimo languages, English",3,2013-11-21T13:46:29.812256+01:00,True,2013-11-21T13:46:29.812244+01:00,76,1
504,{},Other contributing languages (depending on region and period),"Hawaiian Pidgin, Chinook Jargon, Chukchi, Algonquian, Athabaskan, Norse, Danish, Portuguese, Russian, Dutch, English, French",4,2013-11-21T13:46:29.813084+01:00,True,2013-11-21T13:46:29.813073+01:00,76,1
505,{},Location,"Northeastern Siberia, Northern Alaska, Northern Canada, West Greenland; 17th-20th centuries",5,2013-11-21T13:46:29.813888+01:00,True,2013-11-21T13:46:29.813877+01:00,76,1
506,{},Official languages of the region (depending on region and period),"Russian, Danish, French, English",6,2013-11-21T13:46:29.814586+01:00,True,2013-11-21T13:46:29.814577+01:00,76,1
