pk,region,lexifier,language_pk
14,North America,English,
29,Southern Africa,Dutch,
68,Southeast Asia,Malay,
36,West Africa,Portuguese,
12,North America,English,
43,Southeast Asia,Portuguese,
77,,Portuguese,43
67,Southeast Asia,Malay,
9,Caribbean,English,
28,Caribbean,Dutch,
23,Pacific,English,
18,West Africa,English,
31,West Africa,Portuguese,
30,West Africa,Portuguese,
78,,Portuguese,30
32,West Africa,Portuguese,
20,East Asia,English,
79,,English,20
65,East Asia,Other,
80,,Other,65
74,North America,Other,
81,,Other,74
39,South Asia,Portuguese,
82,,Portuguese,39
1,Caribbean,English,
76,North America,Other,
38,West Africa,Portuguese,
61,Southern Africa,Bantu,
16,West Africa,English,
83,,English,16
84,,English,16
50,Caribbean,French,
85,,French,50
33,West Africa,Portuguese,
86,,Portuguese,33
87,,Portuguese,33
88,,Portuguese,33
13,North America,English,
72,Australia,Other,
52,Caribbean,French,
89,,French,52
5,Caribbean,English,
49,Caribbean,French,
26,Pacific,English,
8,Caribbean,English,
90,,English,8
64,Central and East Africa,Arabic,
91,,Arabic,64
92,,Arabic,64
63,Central and East Africa,Arabic,
40,South Asia,Portuguese,
60,Central and East Africa,Bantu,
53,North America,French,
94,,French,53
95,,French,53
35,West Africa,Portuguese,
51,Caribbean,French,
55,Indian Ocean,French,
96,,French,55
62,Central and East Africa,Other,
73,South America,Spanish,
97,,Spanish,73
75,North America,Other,
27,Caribbean,Dutch,
4,Caribbean,English,
11,Caribbean,English,
17,West Africa,English,
48,Caribbean,Spanish,
42,Southeast Asia,Portuguese,
19,West Africa,English,
70,Pacific,Other,
37,West Africa,Portuguese,
98,,Portuguese,37
54,Indian Ocean,French,
25,Australia,English,
93,,English,25
10,Caribbean,English,
59,Central and East Africa,Other,
99,,Other,59
3,Caribbean,English,
56,Indian Ocean,French,
100,,French,56
101,,French,56
102,,French,56
15,West Africa,English,
21,Southeast Asia,English,
2,Caribbean,English,
103,,English,2
66,South Asia,Malay,
41,South Asia,Portuguese,
57,Pacific,French,
44,Southeast Asia,Spanish,
22,Pacific,English,
6,Caribbean,English,
7,Caribbean,English,
104,,English,7
69,Pacific,Other,
46,Southeast Asia,Spanish,
58,Central and East Africa,Bantu,
24,Pacific,English,
47,Caribbean,Spanish,
71,Pacific,Other,
45,Southeast Asia,Spanish,
34,West Africa,Portuguese,
