{"dc:identifier": "53ad7f23e30d", "url": "source.csv-metadata.json", "dc:license": {"schema:name": "http://creativecommons.org/licenses/by/3.0/"}, "dc:publisher": {"schema:name": "Max Planck Institute for Evolutionary Anthropology", "schema:url": {"@id": "http://www.eva.mpg.de"}}, "@context": ["http://www.w3.org/ns/csvw", {"@language": "en"}], "tableSchema": {"primaryKey": "pk", "columns": [{"datatype": {"@id": "http://www.w3.org/2001/XMLSchema#int"}, "name": "pk", "dc:description": "primary key"}, {"datatype": {"@id": "http://www.w3.org/2001/XMLSchema#string"}, "name": "jsondata"}, {"datatype": {"@id": "http://www.w3.org/2001/XMLSchema#string"}, "name": "polymorphic_type"}, {"datatype": {"@id": "http://www.w3.org/2001/XMLSchema#string"}, "name": "id"}, {"datatype": {"@id": "http://www.w3.org/2001/XMLSchema#string"}, "name": "name"}, {"datatype": {"@id": "http://www.w3.org/2001/XMLSchema#string"}, "name": "description"}, {"datatype": {"@id": "http://www.w3.org/2001/XMLSchema#string"}, "name": "markup_description"}, {"datatype": {"@id": "http://www.w3.org/2001/XMLSchema#string"}, "name": "glottolog_id"}, {"datatype": {"@id": "http://www.w3.org/2001/XMLSchema#string"}, "name": "google_book_search_id"}, {"datatype": {"@id": "http://www.w3.org/2001/XMLSchema#string"}, "name": "bibtex_type"}, {"datatype": {"@id": "http://www.w3.org/2001/XMLSchema#string"}, "name": "author"}, {"datatype": {"@id": "http://www.w3.org/2001/XMLSchema#string"}, "name": "year"}, {"datatype": {"@id": "http://www.w3.org/2001/XMLSchema#string"}, "name": "title"}, {"datatype": {"@id": "http://www.w3.org/2001/XMLSchema#string"}, "name": "type"}, {"datatype": {"@id": "http://www.w3.org/2001/XMLSchema#string"}, "name": "booktitle"}, {"datatype": {"@id": "http://www.w3.org/2001/XMLSchema#string"}, "name": "editor"}, {"datatype": {"@id": "http://www.w3.org/2001/XMLSchema#string"}, "name": "pages"}, {"datatype": {"@id": "http://www.w3.org/2001/XMLSchema#string"}, "name": "edition"}, {"datatype": {"@id": "http://www.w3.org/2001/XMLSchema#string"}, "name": "journal"}, {"datatype": {"@id": "http://www.w3.org/2001/XMLSchema#string"}, "name": "school"}, {"datatype": {"@id": "http://www.w3.org/2001/XMLSchema#string"}, "name": "address"}, {"datatype": {"@id": "http://www.w3.org/2001/XMLSchema#string"}, "name": "url"}, {"datatype": {"@id": "http://www.w3.org/2001/XMLSchema#string"}, "name": "note"}, {"datatype": {"@id": "http://www.w3.org/2001/XMLSchema#string"}, "name": "number"}, {"datatype": {"@id": "http://www.w3.org/2001/XMLSchema#string"}, "name": "series"}, {"datatype": {"@id": "http://www.w3.org/2001/XMLSchema#string"}, "name": "volume"}, {"datatype": {"@id": "http://www.w3.org/2001/XMLSchema#string"}, "name": "publisher"}, {"datatype": {"@id": "http://www.w3.org/2001/XMLSchema#string"}, "name": "organization"}, {"datatype": {"@id": "http://www.w3.org/2001/XMLSchema#string"}, "name": "chapter"}, {"datatype": {"@id": "http://www.w3.org/2001/XMLSchema#string"}, "name": "howpublished"}, {"datatype": {"@id": "http://www.w3.org/2001/XMLSchema#int"}, "name": "year_int"}, {"datatype": {"@id": "http://www.w3.org/2001/XMLSchema#int"}, "name": "startpage_int"}, {"datatype": {"@id": "http://www.w3.org/2001/XMLSchema#int"}, "name": "pages_int"}, {"datatype": {"@id": "http://www.w3.org/2001/XMLSchema#dateTime"}, "name": "updated"}, {"datatype": {"@id": "http://www.w3.org/2001/XMLSchema#boolean"}, "name": "active"}, {"datatype": {"@id": "http://www.w3.org/2001/XMLSchema#dateTime"}, "name": "created"}, {"datatype": {"@id": "http://www.w3.org/2001/XMLSchema#int"}, "name": "version"}]}}